Section;h[mm];t[mm];r1[mm];r2[mm];r3[mm];r4[mm];A[cm2];ey[mm];ez[mm];Iy[cm4];Iyz[cm4];Iu[cm4];Iv[cm4];Ip[cm4];Ip,SC[cm4];α[deg];iy[mm];iyz[mm];iu[mm];iv[mm];ip[mm];ip,SC[mm];max Sy[cm3];max Su[cm3];max Sv[cm3];Wy,min[cm3];Wy,max[cm3];Wv,min[cm3];Wv,max[cm3];Wy[cm3];Wu[cm3];Wv[cm3];Wy,cat[cm3];Ay[cm2];Au[cm2];Av[cm2];ySC[mm];It[cm4];Wt[cm3];max ω[cm2];Iω[cm6];iω[mm];Wω[cm4];max Sω[cm4];rv[mm];ru,SC[mm];Wpl,y[cm3];Wpl,y,pure[cm3];Wpl,u[cm3];Wpl,v[cm3];αpl,y;αpl,y,pure;αpl,u;αpl,v;Apl,y[cm2];Apl,u[cm2];Npl[kN];Vpl,y[kN];Vpl,u[kN];Mpl,y[kNm];Mpl,u[kNm];Mpl,v[kNm];ypl[mm];zpl[mm];upl[mm];vpl[mm];Nu[kN];G[kg/m];Am[m2/m];V[cm3/m];Am/V[1/m]
L 35x35x4;35,00;4,00;5,00;2,50;0,00;0,00;2,67;10,00;25,00;2,95;1,73;4,69;1,22;5,91;9,35;-45,00;10,50;8,00;13,30;6,80;14,80;18,70;1,21;1,51;0,39;-0,95;1,22;-0,86;0,99;0,95;1,90;0,86;1,18;0,82;1,13;1,11;-8,00;0,14;0,34;0,00;0,00;0,00;0,00;0,00;24,90;47,50;2,17;1,80;3,08;1,56;2,28;1,90;1,63;1,81;1,32;1,87;62,67;17,91;25,33;0,51;0,71;0,37;-6,20;6,20;0,00;0,00;62,67;2,10;0,14;267,00;509,36
L 35x35x5;35,00;5,00;5,00;2,50;0,00;0,00;3,28;10,40;24,60;3,56;2,08;5,64;1,49;7,13;11,25;-45,00;10,40;8,00;13,10;6,70;14,70;18,50;1,48;1,84;0,47;-1,15;1,42;-1,01;1,19;1,15;2,28;1,01;1,45;1,02;1,45;1,37;-7,90;0,26;0,52;0,00;0,00;0,00;0,00;0,00;23,90;46,20;2,65;2,19;3,74;1,90;2,30;1,90;1,64;1,89;1,62;2,30;77,01;22,05;31,18;0,62;0,87;0,45;-5,70;5,70;0,00;0,00;77,01;2,60;0,14;328,00;414,63
L 40x40x4;40,00;4,00;6,00;3,00;0,00;0,00;3,08;11,20;28,80;4,47;2,63;7,10;1,84;8,94;14,15;-45,00;12,10;9,20;15,20;7,70;17,10;21,40;1,60;2,00;0,52;-1,26;1,64;-1,16;1,31;1,26;2,51;1,16;1,55;0,94;1,27;1,27;-9,20;0,16;0,39;0,00;0,00;0,00;0,00;0,00;29,40;55,40;2,85;2,39;4,09;2,06;2,27;1,91;1,63;1,77;1,52;2,15;72,35;20,62;29,17;0,67;0,94;0,49;-7,30;7,30;-0,10;0,00;72,35;2,40;0,16;308,00;503,25
L 40x40x5;40,00;5,00;6,00;3,00;0,00;0,00;3,79;11,60;28,40;5,43;3,18;8,61;2,25;10,86;17,15;-45,00;12,00;9,20;15,10;7,70;17,00;21,30;1,96;2,45;0,62;-1,54;1,94;-1,37;1,59;1,54;3,04;1,37;1,91;1,18;1,63;1,58;-9,10;0,30;0,60;0,00;0,00;0,00;0,00;0,00;28,20;54,00;3,50;2,91;4,98;2,52;2,28;1,90;1,64;1,84;1,88;2,65;89,04;25,44;35,98;0,82;1,15;0,59;-6,80;6,80;0,00;0,00;89,04;3,00;0,16;379,00;408,97
L 40x40x6;40,00;6,00;6,00;3,00;0,00;0,00;4,48;12,00;28,00;6,31;3,67;9,99;2,64;12,63;19,91;-45,00;11,90;9,10;14,90;7,70;16,80;21,10;2,30;2,87;0,73;-1,80;2,20;-1,55;1,85;1,80;3,53;1,55;2,26;1,40;1,99;1,88;-9,00;0,51;0,84;0,00;0,00;0,00;0,00;0,00;27,20;52,60;4,13;3,40;5,82;2,97;2,29;1,89;1,65;1,91;2,22;3,14;105,25;30,12;42,60;0,97;1,35;0,70;-6,40;6,40;0,00;0,00;105,25;3,50;0,16;448,00;345,98
L 45x45x3;45,00;3,00;7,00;3,00;0,00;0,00;2,66;11,90;33,10;4,93;2,88;7,81;2,04;9,85;15,79;-45,00;13,60;10,40;17,10;8,80;19,20;24,40;1,58;1,96;0,52;-1,22;1,72;-1,21;1,28;1,22;2,45;1,21;1,49;0,79;1,02;1,05;-10,40;0,08;0,26;0,00;0,00;0,00;0,00;0,00;34,70;63,80;2,78;2,35;4,02;2,01;2,28;1,93;1,64;1,66;1,30;1,85;62,91;17,71;25,04;0,65;0,92;0,49;-8,80;8,80;-0,20;0,00;62,91;2,10;0,17;266,00;654,14
L 45x45x4;45,00;4,00;7,00;3,50;0,00;0,00;3,49;12,30;32,70;6,43;3,78;10,21;2,65;12,86;20,33;-45,00;13,60;10,40;17,10;8,70;19,20;24,10;2,04;2,55;0,66;-1,60;2,15;-1,52;1,68;1,60;3,21;1,52;1,97;1,06;1,42;1,43;-10,30;0,18;0,45;0,00;0,00;0,00;0,00;0,00;34,10;63,20;3,63;3,06;5,23;2,63;2,27;1,91;1,63;1,74;1,72;2,43;82,08;23,34;33,00;0,85;1,20;0,62;-8,40;8,40;-0,10;0,00;82,08;2,70;0,17;349,00;498,57
L 45x45x4.5;45,00;4,50;7,00;3,50;0,00;0,00;3,90;12,60;32,40;7,15;4,20;11,35;2,95;14,30;22,60;-45,00;13,50;10,40;17,10;8,70;19,10;24,10;2,28;2,84;0,73;-1,79;2,35;-1,66;1,87;1,79;3,57;1,66;2,20;1,20;1,61;1,61;-10,30;0,25;0,56;0,00;0,00;0,00;0,00;0,00;33,40;62,60;4,06;3,41;5,82;2,93;2,27;1,91;1,63;1,77;1,92;2,72;91,66;26,10;36,91;0,95;1,34;0,69;-8,20;8,20;-0,10;0,00;91,66;3,10;0,17;390,00;446,15
L 45x45x5;45,00;5,00;7,00;3,50;0,00;0,00;4,30;12,80;32,20;7,84;4,60;12,45;3,24;15,69;24,79;-45,00;13,50;10,30;17,00;8,70;19,10;24,00;2,51;3,13;0,80;-1,97;2,53;-1,79;2,05;1,97;3,91;1,79;2,43;1,33;1,81;1,78;-10,30;0,34;0,68;0,00;0,00;0,00;0,00;0,00;32,70;61,90;4,47;3,74;6,39;3,23;2,27;1,90;1,63;1,80;2,13;3,01;101,12;28,83;40,77;1,05;1,47;0,76;-8,00;8,00;-0,10;0,00;101,12;3,40;0,17;430,00;404,65
L 45x45x6;45,00;6,00;7,00;3,50;0,00;0,00;5,09;13,20;31,80;9,16;5,36;14,52;3,81;18,33;28,93;-45,00;13,40;10,30;16,90;8,60;19,00;23,80;2,95;3,68;0,94;-2,31;2,88;-2,04;2,39;2,31;4,56;2,04;2,88;1,58;2,21;2,12;-10,20;0,58;0,96;0,00;0,00;0,00;0,00;0,00;31,60;60,40;5,28;4,38;7,50;3,81;2,29;1,90;1,64;1,87;2,52;3,56;119,68;34,19;48,35;1,24;1,73;0,89;-7,50;7,50;-0,10;0,00;119,68;4,00;0,17;509,00;341,85
L 45x45x7;45,00;7,00;7,00;3,50;0,00;0,00;5,86;13,60;31,40;10,40;6,04;16,44;4,36;20,80;32,77;-45,00;13,30;10,20;16,70;8,60;18,80;23,60;3,37;4,21;1,07;-2,64;3,20;-2,27;2,71;2,64;5,17;2,27;3,31;1,84;2,62;2,46;-10,10;0,90;1,28;0,00;0,00;0,00;0,00;0,00;30,50;59,00;6,06;4,99;8,54;4,36;2,29;1,89;1,65;1,93;2,90;4,11;137,78;39,41;55,74;1,43;1,98;1,02;-7,10;7,10;0,00;0,00;137,78;4,60;0,17;586,00;296,93
L 50x50x4;50,00;4,00;7,00;3,50;0,00;0,00;3,89;13,60;36,40;8,97;5,28;14,25;3,70;17,95;28,39;-45,00;15,20;11,70;19,10;9,70;21,50;27,00;2,55;3,18;0,82;-2,00;2,72;-1,93;2,11;2,00;4,03;1,93;2,46;1,19;1,59;1,60;-11,60;0,20;0,50;0,00;0,00;0,00;0,00;0,00;37,60;70,40;4,53;3,82;6,52;3,28;2,26;1,91;1,62;1,70;1,92;2,72;91,48;26,05;36,84;1,06;1,50;0,78;-9,60;9,60;-0,10;0,00;91,48;3,10;0,19;389,00;498,72
L 50x50x5;50,00;5,00;7,00;3,50;0,00;0,00;4,80;14,00;36,00;10,96;6,45;17,41;4,52;21,93;34,71;-45,00;15,10;11,60;19,00;9,70;21,40;26,90;3,13;3,92;1,01;-2,46;3,21;-2,28;2,57;2,46;4,92;2,28;3,05;1,48;2,01;1,99;-11,50;0,38;0,77;0,00;0,00;0,00;0,00;0,00;36,30;68,80;5,58;4,67;7,98;4,03;2,27;1,90;1,62;1,77;2,38;3,36;112,87;32,22;45,57;1,31;1,84;0,95;-9,20;9,20;-0,10;0,00;112,87;3,80;0,19;480,00;404,17
L 50x50x6;50,00;6,00;7,00;3,50;0,00;0,00;5,69;14,50;35,50;12,84;7,53;20,37;5,31;25,68;40,61;-45,00;15,00;11,50;18,90;9,70;21,20;26,70;3,69;4,62;1,18;-2,90;3,67;-2,60;3,00;2,90;5,76;2,60;3,61;1,76;2,44;2,37;-11,50;0,65;1,08;0,00;0,00;0,00;0,00;0,00;35,20;67,70;6,60;5,49;9,38;4,75;2,28;1,90;1,63;1,83;2,82;3,99;133,78;38,26;54,11;1,55;2,17;1,12;-8,70;8,70;0,00;0,00;133,78;4,50;0,19;569,00;340,95
L 50x50x7;50,00;7,00;7,00;3,50;0,00;0,00;6,56;14,90;35,10;14,61;8,52;23,14;6,09;29,23;46,14;-45,00;14,90;11,40;18,80;9,60;21,10;26,50;4,23;5,29;1,35;-3,32;4,10;-2,90;3,41;3,32;6,54;2,90;4,16;2,05;2,90;2,75;-11,40;1,01;1,45;0,00;0,00;0,00;0,00;0,00;34,10;66,40;7,59;6,27;10,72;5,45;2,29;1,89;1,64;1,88;3,25;4,60;154,23;44,16;62,46;1,78;2,49;1,28;-8,30;8,30;0,00;0,00;154,23;5,10;0,19;656,00;295,73
L 50x50x8;50,00;8,00;7,00;3,50;0,00;0,00;7,41;15,20;34,80;16,28;9,43;25,71;6,85;32,56;51,29;-45,00;14,80;11,30;18,60;9,60;20,90;26,30;4,74;5,93;1,50;-3,72;4,50;-3,18;3,80;3,72;7,27;3,18;4,68;2,34;3,36;3,12;-11,20;1,48;1,86;0,00;0,00;0,00;0,00;0,00;33,20;64,80;8,55;7,01;12,00;6,14;2,30;1,89;1,65;1,93;3,68;5,20;174,20;49,93;70,61;2,01;2,79;1,44;-7,80;7,80;0,00;0,00;174,20;5,80;0,19;741,00;261,81
L 50x50x9;50,00;9,00;7,00;3,50;0,00;0,00;8,24;15,60;34,40;17,86;10,25;28,11;7,61;35,72;56,09;-45,00;14,70;11,20;18,50;9,60;20,80;26,10;5,23;6,54;1,66;-4,11;4,87;-3,45;4,18;4,11;7,95;3,45;5,20;2,64;3,86;3,48;-11,10;2,07;2,30;0,00;0,00;0,00;0,00;0,00;32,20;63,60;9,47;7,72;13,22;6,80;2,30;1,88;1,66;1,97;4,10;5,79;193,71;55,56;78,57;2,23;3,07;1,59;-7,30;7,30;0,10;0,00;193,71;6,50;0,19;824,00;235,44
L 55x55x4;55,00;4,00;8,00;4,00;0,00;0,00;4,31;14,70;40,30;12,00;7,05;19,05;4,95;24,00;37,93;-45,00;16,70;12,80;21,00;10,70;23,60;29,70;3,10;3,86;1,01;-2,43;3,36;-2,38;2,57;2,43;4,90;2,38;2,98;1,31;1,73;1,77;-12,70;0,22;0,55;0,00;0,00;0,00;0,00;0,00;42,40;78,30;5,49;4,65;7,95;3,99;2,26;1,91;1,62;1,68;2,12;3,00;101,26;28,76;40,68;1,29;1,81;0,95;-10,70;10,70;-0,20;0,00;101,26;3,40;0,21;431,00;494,20
L 55x55x5;55,00;5,00;8,00;4,00;0,00;0,00;5,32;15,20;39,80;14,71;8,66;23,37;6,06;29,43;46,56;-45,00;16,60;12,80;21,00;10,70;23,50;29,60;3,82;4,76;1,23;-3,00;3,98;-2,82;3,14;3,00;6,01;2,82;3,70;1,63;2,19;2,19;-12,70;0,42;0,85;0,00;0,00;0,00;0,00;0,00;40,90;76,80;6,79;5,71;9,75;4,91;2,27;1,91;1,62;1,74;2,63;3,71;125,00;35,62;50,37;1,60;2,24;1,16;-10,30;10,30;-0,10;0,00;125,00;4,20;0,21;532,00;400,38
L 55x55x6;55,00;6,00;8,00;4,00;0,00;0,00;6,31;15,60;39,40;17,29;10,16;27,44;7,13;34,57;54,69;-45,00;16,60;12,70;20,90;10,60;23,50;29,40;4,51;5,63;1,45;-3,54;4,56;-3,23;3,68;3,54;7,06;3,23;4,39;1,95;2,65;2,61;-12,60;0,72;1,20;0,00;0,00;0,00;0,00;0,00;39,60;75,30;8,05;6,72;11,48;5,80;2,27;1,90;1,63;1,80;3,12;4,41;148,26;42,33;59,87;1,89;2,65;1,37;-9,80;9,80;-0,10;0,00;148,26;5,00;0,21;631,00;337,56
L 60x60x4;60,00;4,00;8,00;4,00;0,00;0,00;4,71;16,00;44,00;15,78;9,26;25,04;6,51;31,55;49,88;-45,00;18,30;14,00;23,10;11,80;25,90;32,50;3,73;4,63;1,20;-2,93;4,09;-2,89;3,09;2,93;5,90;2,89;3,58;1,44;1,90;1,93;-14,00;0,24;0,61;0,00;0,00;0,00;0,00;0,00;45,90;85,50;6,58;5,57;9,52;4,78;2,25;1,90;1,61;1,66;2,32;3,28;110,66;31,48;44,52;1,55;2,18;1,14;-12,00;12,00;-0,10;0,00;110,66;3,70;0,23;471,00;494,69
L 60x60x5;60,00;5,00;8,00;4,00;0,00;0,00;5,82;16,40;43,60;19,37;11,40;30,77;7,97;38,74;61,33;-45,00;18,20;14,00;23,00;11,70;25,70;32,50;4,59;5,72;1,48;-3,60;4,85;-3,43;3,78;3,60;7,25;3,43;4,45;1,78;2,40;2,40;-13,90;0,47;0,93;0,00;0,00;0,00;0,00;0,00;44,40;83,70;8,15;6,85;11,70;5,88;2,26;1,90;1,61;1,72;2,88;4,07;136,75;39,01;55,17;1,91;2,69;1,39;-11,50;11,50;-0,10;0,00;136,75;4,60;0,23;582,00;400,34
L 60x60x6;60,00;6,00;8,00;4,00;0,00;0,00;6,91;16,90;43,10;22,79;13,41;36,20;9,38;45,58;72,17;-45,00;18,20;13,90;22,90;11,70;25,70;32,30;5,42;6,78;1,74;-4,26;5,56;-3,93;4,44;4,26;8,53;3,93;5,29;2,13;2,90;2,86;-13,90;0,79;1,32;0,00;0,00;0,00;0,00;0,00;43,20;82,50;9,66;8,07;13,80;6,96;2,27;1,90;1,62;1,77;3,42;4,84;162,36;46,40;65,62;2,27;3,19;1,64;-11,10;11,10;-0,10;0,00;162,36;5,40;0,23;691,00;337,19
L 60x60x7;60,00;7,00;8,00;4,00;0,00;0,00;7,98;17,30;42,70;26,05;15,23;41,34;10,76;52,10;82,43;-45,00;18,10;13,80;22,80;11,60;25,60;32,10;6,22;7,79;1,99;-4,90;6,26;-4,40;5,06;4,90;9,74;4,40;6,10;2,47;3,41;3,32;-13,80;1,24;1,77;0,00;0,00;0,00;0,00;0,00;42,10;81,10;11,14;9,26;15,82;8,00;2,27;1,89;1,62;1,82;3,95;5,59;187,51;53,66;75,89;2,62;3,66;1,89;-10,60;10,60;0,00;0,00;187,51;6,30;0,23;798,00;291,98
L 60x60x8;60,00;8,00;8,00;4,00;0,00;0,00;9,03;17,70;42,30;29,15;17,04;46,19;12,11;58,30;92,13;-45,00;18,00;13,70;22,60;11,60;25,50;31,90;7,01;8,77;2,24;-5,49;6,85;-4,84;5,66;5,49;10,89;4,84;6,89;2,82;3,95;3,77;-13,70;1,83;2,28;0,00;0,00;0,00;0,00;0,00;41,10;79,90;12,57;10,39;17,77;9,02;2,29;1,89;1,63;1,86;4,48;6,34;212,18;60,78;85,96;2,95;4,12;2,12;-10,10;10,10;0,00;0,00;212,18;7,10;0,23;903,00;258,03
L 60x60x10;60,00;10,00;8,00;4,00;0,00;0,00;11,10;18,50;41,50;34,93;20,17;55,10;14,76;69,86;109,93;-45,00;17,80;13,50;22,30;11,50;25,20;31,50;8,49;10,61;2,69;-6,66;8,00;-5,66;6,79;6,66;12,99;5,66;8,41;3,52;5,10;4,67;-13,50;3,46;3,46;0,00;0,00;0,00;0,00;0,00;39,20;77,40;15,32;12,53;21,45;10,99;2,30;1,88;1,65;1,94;5,50;7,78;260,12;74,62;105,53;3,60;4,99;2,58;-9,20;9,20;0,10;0,00;260,12;8,70;0,23;1110,00;209,91
L 63x63x5;63,00;5,00;9,00;4,50;0,00;0,00;6,14;17,10;45,90;22,42;13,18;35,61;9,24;44,85;70,93;-45,00;19,10;14,70;24,10;12,30;27,00;34,00;5,06;6,31;1,64;-3,98;5,41;-3,83;4,19;3,98;7,99;3,83;4,88;1,87;2,49;2,52;-14,60;0,49;0,98;0,00;0,00;0,00;0,00;0,00;47,70;89,00;8,98;7,58;12,95;6,51;2,26;1,91;1,62;1,70;3,02;4,28;144,23;41,04;58,04;2,11;2,97;1,54;-12,10;12,10;-0,20;0,00;144,23;4,80;0,24;614,00;397,39
L 63x63x6;63,00;6,00;9,00;4,50;0,00;0,00;7,29;17,50;45,50;26,44;15,55;41,99;10,89;52,88;83,67;-45,00;19,00;14,60;24,00;12,20;26,90;33,90;5,99;7,48;1,93;-4,71;6,21;-4,39;4,92;4,71;9,43;4,39;5,82;2,24;3,02;3,01;-14,50;0,84;1,39;0,00;0,00;0,00;0,00;0,00;46,30;87,30;10,67;8,95;15,29;7,70;2,27;1,90;1,62;1,75;3,60;5,09;171,25;48,84;69,08;2,51;3,52;1,82;-11,70;11,70;-0,10;0,00;171,25;5,70;0,24;729,00;334,71
L 63x63x6.5;63,00;6,50;9,00;4,50;0,00;0,00;7,85;17,80;45,20;28,37;16,68;45,06;11,69;56,75;89,79;-45,00;19,00;14,60;24,00;12,20;26,90;33,80;6,44;8,05;2,07;-5,06;6,58;-4,66;5,27;5,06;10,11;4,66;6,27;2,42;3,28;3,25;-14,50;1,06;1,63;0,00;0,00;0,00;0,00;0,00;45,70;86,80;11,49;9,61;16,42;8,29;2,27;1,90;1,62;1,78;3,88;5,49;184,59;52,69;74,52;2,70;3,78;1,96;-11,50;11,50;-0,10;0,00;184,59;6,20;0,24;785,00;310,83
L 65x65x4;65,00;4,00;9,00;4,00;0,00;0,00;5,13;17,10;47,90;20,09;11,77;31,86;8,32;40,18;64,15;-45,00;19,80;15,10;24,90;12,70;28,00;35,40;4,42;5,48;1,43;-3,43;4,86;-3,44;3,63;3,43;6,93;3,44;4,19;1,53;2,01;2,06;-15,10;0,26;0,66;0,00;0,00;0,00;0,00;0,00;49,70;92,40;7,79;6,58;11,23;5,63;2,27;1,92;1,62;1,64;2,52;3,56;120,93;34,19;48,35;1,83;2,58;1,35;-13,10;13,10;-0,20;0,00;120,93;4,00;0,25;513,00;491,23
L 65x65x5;65,00;5,00;9,00;4,50;0,00;0,00;6,34;17,60;47,40;24,74;14,55;39,29;10,19;49,48;78,28;-45,00;19,80;15,10;24,90;12,70;28,00;35,10;5,41;6,74;1,75;-4,25;5,80;-4,10;4,47;4,25;8,55;4,10;5,22;1,93;2,58;2,60;-15,10;0,51;1,02;0,00;0,00;0,00;0,00;0,00;49,10;91,80;9,59;8,09;13,82;6,94;2,26;1,91;1,62;1,69;3,13;4,42;148,93;42,40;59,96;2,25;3,17;1,65;-12,60;12,60;-0,10;0,00;148,93;5,00;0,25;634,00;397,48
L 65x65x6;65,00;6,00;9,00;4,50;0,00;0,00;7,53;18,00;47,00;29,19;17,17;46,36;12,01;58,37;92,40;-45,00;19,70;15,10;24,80;12,60;27,90;35,00;6,40;7,99;2,06;-5,03;6,66;-4,71;5,26;5,03;10,09;4,71;6,21;2,31;3,12;3,11;-15,00;0,87;1,44;0,00;0,00;0,00;0,00;0,00;47,70;90,10;11,39;9,55;16,32;8,22;2,26;1,90;1,62;1,75;3,72;5,26;176,89;50,47;71,38;2,68;3,76;1,94;-12,20;12,20;-0,10;0,00;176,89;5,90;0,25;753,00;334,66
L 65x65x7;65,00;7,00;9,00;4,50;0,00;0,00;8,70;18,50;46,50;33,43;19,65;53,08;13,78;66,86;105,81;-45,00;19,60;15,00;24,70;12,60;27,70;34,90;7,36;9,21;2,36;-5,78;7,46;-5,28;6,01;5,78;11,55;5,28;7,18;2,68;3,67;3,61;-15,00;1,36;1,94;0,00;0,00;0,00;0,00;0,00;46,50;88,90;13,14;10,97;18,74;9,46;2,28;1,90;1,62;1,79;4,31;6,09;204,39;58,41;82,60;3,09;4,33;2,23;-11,70;11,70;-0,10;0,00;204,39;6,80;0,25;870,00;289,66
L 65x65x8;65,00;8,00;9,00;4,50;0,00;0,00;9,85;18,90;46,10;37,49;21,97;59,46;15,52;74,98;118,56;-45,00;19,50;14,90;24,60;12,60;27,60;34,70;8,30;10,38;2,66;-6,51;8,22;-5,81;6,73;6,51;12,94;5,81;8,13;3,06;4,23;4,10;-14,90;2,00;2,50;0,00;0,00;0,00;0,00;0,00;45,40;87,60;14,85;12,33;21,08;10,68;2,28;1,90;1,63;1,84;4,88;6,90;231,41;66,21;93,64;3,49;4,88;2,51;-11,30;11,30;-0,10;0,00;231,41;7,70;0,25;985,00;255,84
L 65x65x9;65,00;9,00;9,00;4,50;0,00;0,00;11,00;19,30;45,70;41,37;24,15;65,52;17,22;82,74;130,65;-45,00;19,40;14,80;24,40;12,50;27,40;34,50;9,21;11,51;2,94;-7,21;8,93;-6,32;7,42;7,21;14,26;6,32;9,05;3,43;4,82;4,59;-14,80;2,80;3,11;0,00;0,00;0,00;0,00;0,00;44,40;86,30;16,52;13,65;23,34;11,86;2,29;1,89;1,64;1,88;5,45;7,70;257,97;73,88;104,48;3,88;5,41;2,79;-10,80;10,80;0,00;0,00;257,97;8,60;0,25;1100,00;229,09
L 65x65x10;65,00;10,00;9,00;4,50;0,00;0,00;12,10;19,70;45,30;45,08;26,17;71,26;18,91;90,17;142,12;-45,00;19,30;14,70;24,30;12,50;27,30;34,30;10,08;12,60;3,20;-7,90;9,62;-6,80;8,09;7,90;15,50;6,80;9,94;3,81;5,44;5,08;-14,70;3,79;3,79;0,00;0,00;0,00;0,00;0,00;43,40;85,00;18,14;14,91;25,51;13,02;2,30;1,89;1,65;1,92;6,00;8,49;284,05;81,41;115,13;4,26;5,92;3,06;-10,30;10,30;0,00;0,00;284,05;9,50;0,25;1210,00;208,26
L 65x65x11;65,00;11,00;9,00;4,50;0,00;0,00;13,20;20,00;45,00;48,64;28,06;76,69;20,58;97,27;152,99;-45,00;19,20;14,60;24,10;12,50;27,20;34,00;10,93;13,66;3,46;-8,58;10,27;-7,26;8,74;8,58;16,69;7,26;10,82;4,19;6,07;5,55;-14,50;4,97;4,52;0,00;0,00;0,00;0,00;0,00;42,50;83,50;19,73;16,13;27,62;14,16;2,30;1,88;1,66;1,95;6,54;9,26;309,67;88,80;125,58;4,64;6,42;3,32;-9,90;9,90;0,10;0,00;309,67;10,40;0,25;1320,00;190,91
L 70x70x5;70,00;5,00;9,00;4,50;0,00;0,00;6,84;18,80;51,20;31,24;18,37;49,61;12,86;62,47;98,87;-45,00;21,40;16,40;26,90;13,70;30,30;38,00;6,32;7,87;2,03;-4,97;6,84;-4,83;5,24;4,97;10,02;4,83;6,10;2,09;2,79;2,81;-16,30;0,55;1,10;0,00;0,00;0,00;0,00;0,00;52,60;98,70;11,19;9,44;16,12;8,09;2,25;1,90;1,61;1,67;3,37;4,77;160,68;45,79;64,76;2,63;3,70;1,92;-13,90;13,90;-0,10;0,00;160,68;5,40;0,27;684,00;397,66
L 70x70x6;70,00;6,00;9,00;4,50;0,00;0,00;8,13;19,30;50,70;36,88;21,72;58,60;15,16;73,76;116,83;-45,00;21,30;16,30;26,90;13,70;30,10;37,90;7,49;9,35;2,40;-5,88;7,86;-5,56;6,16;5,88;11,84;5,56;7,27;2,49;3,37;3,36;-16,30;0,94;1,56;0,00;0,00;0,00;0,00;0,00;51,30;97,40;13,30;11,16;19,06;9,59;2,26;1,90;1,61;1,72;4,02;5,69;190,99;54,54;77,13;3,13;4,39;2,27;-13,40;13,40;-0,10;0,00;190,99;6,40;0,27;813,00;334,56
L 70x70x7;70,00;7,00;9,00;4,50;0,00;0,00;9,40;19,70;50,30;42,30;24,89;67,19;17,41;84,60;133,98;-45,00;21,20;16,30;26,70;13,60;30,00;37,80;8,61;10,77;2,76;-6,77;8,83;-6,25;7,05;6,77;13,57;6,25;8,41;2,90;3,96;3,90;-16,20;1,47;2,10;0,00;0,00;0,00;0,00;0,00;50,10;95,90;15,36;12,82;21,91;11,05;2,27;1,90;1,61;1,77;4,65;6,58;220,84;63,16;89,32;3,61;5,06;2,61;-12,90;12,90;-0,10;0,00;220,84;7,40;0,27;940,00;289,36
L 70x70x8;70,00;8,00;10,00;5,00;0,00;0,00;10,70;20,10;49,90;47,27;27,75;75,01;19,52;94,53;149,52;-45,00;21,00;16,10;26,50;13,50;29,70;37,40;9,70;12,12;3,11;-7,61;9,73;-6,88;7,90;7,61;15,15;6,88;9,46;3,30;4,52;4,43;-16,10;2,17;2,71;0,00;0,00;0,00;0,00;0,00;49,80;95,40;17,32;14,43;24,67;12,47;2,28;1,90;1,63;1,81;5,28;7,47;250,70;71,64;101,31;4,07;5,70;2,94;-12,40;12,40;-0,10;0,00;250,70;8,40;0,27;1070,00;253,27
L 70x70x9;70,00;9,00;9,00;4,50;0,00;0,00;11,90;20,50;49,50;52,47;30,71;83,18;21,76;104,94;165,91;-45,00;21,00;16,10;26,50;13,50;29,70;37,30;10,78;13,50;3,45;-8,45;10,60;-7,50;8,71;8,45;16,80;7,50;10,60;3,71;5,18;4,96;-16,00;3,05;3,38;0,00;0,00;0,00;0,00;0,00;48,10;93,30;19,33;15,99;27,35;13,87;2,29;1,89;1,63;1,85;5,90;8,34;279,12;79,98;113,11;4,54;6,34;3,26;-12,00;12,00;0,00;0,00;279,12;9,30;0,27;1190,00;228,57
L 70x70x10;70,00;10,00;9,00;4,50;0,00;0,00;13,10;20,90;49,10;57,24;33,36;90,60;23,88;114,48;180,75;-45,00;20,90;16,00;26,30;13,50;29,60;37,10;11,82;14,80;3,78;-9,26;11,42;-8,07;9,50;9,26;18,30;8,07;11,66;4,11;5,81;5,48;-15,90;4,12;4,12;0,00;0,00;0,00;0,00;0,00;47,10;92,10;21,25;17,50;29,93;15,23;2,29;1,89;1,64;1,89;6,50;9,19;307,55;88,19;124,72;4,99;6,95;3,58;-11,50;11,50;0,00;0,00;307,55;10,30;0,27;1310,00;207,63
L 75x75x4;75,00;4,00;9,00;4,00;0,00;0,00;5,93;19,60;55,40;31,43;18,42;49,85;13,01;62,86;100,29;-45,00;23,00;17,60;29,00;14,80;32,50;41,10;5,95;7,38;1,92;-4,63;6,64;-4,69;4,91;4,63;9,40;4,69;5,67;1,78;2,36;2,39;-17,60;0,31;0,77;0,00;0,00;0,00;0,00;0,00;56,70;106,50;10,47;8,83;15,08;7,56;2,26;1,91;1,60;1,61;2,92;4,13;139,73;39,62;56,03;2,46;3,47;1,81;-15,50;15,50;-0,20;0,00;139,73;4,70;0,29;593,00;492,41
L 75x75x5;75,00;5,00;9,00;4,50;0,00;0,00;7,34;20,10;54,90;38,77;22,82;61,59;15,96;77,55;122,79;-45,00;23,00;17,60;29,00;14,70;32,50;40,90;7,31;9,09;2,34;-5,74;7,95;-5,63;6,06;5,74;11,61;5,63;7,06;2,24;3,01;3,02;-17,60;0,59;1,18;0,00;0,00;0,00;0,00;0,00;56,10;105,90;12,92;10,89;18,59;9,33;2,25;1,90;1,60;1,66;3,63;5,13;172,43;49,18;69,56;3,04;4,27;2,22;-15,10;15,10;-0,10;0,00;172,43;5,80;0,29;734,00;397,82
L 75x75x6;75,00;6,00;9,00;4,50;0,00;0,00;8,73;20,50;54,50;45,83;27,01;72,84;18,82;91,66;145,25;-45,00;22,90;17,60;28,90;14,70;32,40;40,80;8,66;10,80;2,77;-6,80;9,17;-6,48;7,13;6,80;13,73;6,48;8,41;2,68;3,62;3,61;-17,50;1,01;1,68;0,00;0,00;0,00;0,00;0,00;54,80;104,30;15,37;12,88;22,01;11,06;2,26;1,89;1,60;1,71;4,32;6,11;205,09;58,61;82,89;3,61;5,08;2,62;-14,70;14,70;-0,10;0,00;205,09;6,90;0,29;873,00;334,48
L 75x75x7;75,00;7,00;9,00;4,50;0,00;0,00;10,10;21,00;54,00;52,61;30,99;83,60;21,62;105,22;166,75;-45,00;22,80;17,50;28,80;14,60;32,20;40,60;9,98;12,47;3,19;-7,83;10,32;-7,29;8,16;7,83;15,76;7,29;9,74;3,11;4,25;4,19;-17,50;1,58;2,26;0,00;0,00;0,00;0,00;0,00;53,70;103,20;17,76;14,82;25,32;12,75;2,27;1,89;1,61;1,75;5,00;7,08;237,29;67,91;96,03;4,17;5,86;3,01;-14,20;14,20;-0,10;0,00;237,29;7,90;0,29;1010,00;289,11
L 75x75x8;75,00;8,00;9,00;4,50;0,00;0,00;11,40;21,40;53,60;59,13;34,78;93,91;24,35;118,26;187,34;-45,00;22,70;17,50;28,60;14,60;32,10;40,50;11,25;14,08;3,59;-8,82;11,39;-8,06;9,15;8,82;17,71;8,06;11,03;3,55;4,89;4,76;-17,40;2,34;2,92;0,00;0,00;0,00;0,00;0,00;52,60;101,90;20,09;16,70;28,55;14,41;2,28;1,89;1,61;1,79;5,68;8,03;269,01;77,07;108,99;4,72;6,62;3,40;-13,70;13,70;0,00;0,00;269,01;8,90;0,29;1140,00;256,14
L 75x75x9;75,00;9,00;9,00;4,50;0,00;0,00;12,80;21,80;53,20;65,40;38,36;103,80;27,03;130,83;207,02;-45,00;22,60;17,30;28,50;14,50;32,00;40,20;12,49;15,65;3,99;-9,79;12,42;-8,78;10,11;9,79;19,57;8,78;12,29;3,98;5,54;5,34;-17,30;3,29;3,65;0,00;0,00;0,00;0,00;0,00;51,70;100,60;22,37;18,53;31,67;16,03;2,29;1,89;1,62;1,83;6,34;8,97;300,27;86,09;121,75;5,26;7,35;3,78;-13,20;13,20;0,00;0,00;300,27;10,00;0,29;1280,00;228,13
L 75x75x10;75,00;10,00;9,00;4,50;0,00;0,00;14,10;22,20;52,80;71,43;41,75;113,20;29,68;142,88;225,84;-45,00;22,50;17,20;28,30;14,50;31,80;40,00;13,68;17,17;4,38;-10,74;13,39;-9,47;11,03;10,74;21,35;9,47;13,52;4,41;6,21;5,90;-17,20;4,46;4,46;0,00;0,00;0,00;0,00;0,00;50,70;99,40;24,60;20,30;34,71;17,62;2,29;1,89;1,63;1,86;7,00;9,90;331,05;94,97;134,31;5,78;8,07;4,14;-12,70;12,70;0,00;0,00;331,05;11,10;0,29;1410,00;207,09
L 80x80x5;80,00;5,00;10,00;5,00;0,00;0,00;7,86;21,20;58,80;47,14;27,69;74,83;19,45;94,28;149,13;-45,00;24,50;18,80;30,90;15,70;34,60;43,60;8,33;10,36;2,68;-6,55;9,18;-6,49;6,93;6,55;13,23;6,49;8,02;2,40;3,19;3,23;-18,70;0,63;1,27;0,00;0,00;0,00;0,00;0,00;60,90;113,80;14,71;12,44;21,24;10,65;2,25;1,90;1,61;1,64;3,87;5,48;184,66;52,58;74,35;3,46;4,87;2,53;-16,20;16,20;-0,20;0,00;184,66;6,20;0,31;786,00;395,67
L 80x80x6;80,00;6,00;10,00;5,00;0,00;0,00;9,35;21,70;58,30;55,82;32,87;88,69;22,96;111,65;176,80;-45,00;24,40;18,70;30,80;15,70;34,50;43,50;9,89;12,32;3,17;-7,77;10,59;-7,49;8,17;7,77;15,68;7,49;9,57;2,86;3,85;3,85;-18,70;1,08;1,80;0,00;0,00;0,00;0,00;0,00;59,40;112,30;17,52;14,74;25,17;12,64;2,26;1,90;1,61;1,69;4,62;6,53;219,68;62,68;88,65;4,12;5,79;3,00;-15,80;15,80;-0,10;0,00;219,68;7,30;0,31;935,00;332,62
L 80x80x7;80,00;7,00;10,00;5,00;0,00;0,00;10,80;22,10;57,90;64,19;37,81;102,00;26,38;128,38;203,38;-45,00;24,40;18,70;30,70;15,60;34,50;43,40;11,40;14,24;3,65;-8,95;11,93;-8,43;9,37;8,95;18,03;8,43;11,09;3,33;4,51;4,48;-18,60;1,70;2,43;0,00;0,00;0,00;0,00;0,00;58,10;110,70;20,26;16,97;28,99;14,58;2,26;1,90;1,61;1,73;5,36;7,57;254,22;72,66;102,75;4,76;6,69;3,45;-15,30;15,30;-0,10;0,00;254,22;8,50;0,31;1080,00;287,96
L 80x80x8;80,00;8,00;10,00;5,00;0,00;0,00;12,30;22,50;57,50;72,25;42,52;114,80;29,72;144,52;228,89;-45,00;24,30;18,60;30,60;15,60;34,40;43,10;12,87;16,10;4,12;-10,10;13,18;-9,32;10,51;10,10;20,29;9,32;12,58;3,79;5,18;5,10;-18,50;2,51;3,14;0,00;0,00;0,00;0,00;0,00;57,00;109,60;22,95;19,14;32,70;16,49;2,27;1,89;1,61;1,77;6,08;8,60;288,30;82,49;116,66;5,39;7,57;3,89;-14,80;14,80;-0,10;0,00;288,30;9,70;0,31;1230,00;252,85
L 80x80x9;80,00;9,00;10,00;5,00;0,00;0,00;13,70;23,00;57,00;80,01;47,01;127,00;33,01;160,01;253,36;-45,00;24,20;18,50;30,50;15,50;34,20;43,00;14,30;17,91;4,57;-11,22;14,37;-10,17;11,63;11,22;22,45;10,17;14,03;4,25;5,87;5,70;-18,50;3,53;3,92;0,00;0,00;0,00;0,00;0,00;56,00;108,30;25,58;21,25;36,32;18,35;2,28;1,89;1,62;1,81;6,80;9,61;321,90;92,19;130,38;6,01;8,42;4,33;-14,30;14,30;0,00;0,00;321,90;10,80;0,31;1370,00;227,01
L 80x80x10;80,00;10,00;10,00;5,00;0,00;0,00;15,10;23,40;56,60;87,50;51,27;138,80;36,24;175,04;276,83;-45,00;24,10;18,40;30,30;15,50;34,10;42,80;15,68;19,67;5,02;-12,31;15,51;-10,97;12,70;12,31;24,54;10,97;15,45;4,71;6,57;6,31;-18,40;4,79;4,79;0,00;0,00;0,00;0,00;0,00;55,00;107,00;28,15;23,30;39,83;20,18;2,29;1,89;1,62;1,84;7,50;10,61;355,04;101,76;143,91;6,62;9,24;4,75;-13,90;13,90;0,00;0,00;355,04;11,90;0,31;1510,00;205,96
L 90x90x5;90,00;5,00;11,00;5,00;0,00;0,00;8,88;23,60;66,40;67,67;39,68;107,30;27,98;135,28;215,58;-45,00;27,60;21,10;34,80;17,80;39,00;49,30;10,67;13,24;3,44;-8,32;11,86;-8,39;8,82;8,32;16,86;8,39;10,18;2,67;3,54;3,59;-21,10;0,72;1,43;0,00;0,00;0,00;0,00;0,00;68,20;127,60;18,79;15,86;27,08;13,57;2,26;1,91;1,61;1,62;4,37;6,19;209,23;59,36;83,95;4,42;6,22;3,25;-18,60;18,60;-0,20;0,00;209,23;7,00;0,35;888,00;395,27
L 90x90x6;90,00;6,00;11,00;5,50;0,00;0,00;10,60;24,10;65,90;80,72;47,57;128,30;33,16;161,46;254,28;-45,00;27,70;21,20;34,90;17,70;39,20;49,00;12,62;15,70;4,05;-9,95;13,78;-9,75;10,50;9,95;20,16;9,75;12,26;3,26;4,35;4,40;-21,10;1,23;2,04;0,00;0,00;0,00;0,00;0,00;67,60;127,60;22,30;18,81;32,13;16,12;2,24;1,89;1,59;1,65;5,22;7,38;248,41;70,82;100,16;5,24;7,38;3,83;-18,10;18,10;-0,20;0,00;248,41;8,30;0,35;1060,00;331,13
L 90x90x7;90,00;7,00;11,00;5,50;0,00;0,00;12,20;24,50;65,50;92,55;54,52;147,10;38,03;185,13;293,23;-45,00;27,50;21,10;34,70;17,60;38,90;49,00;14,58;18,17;4,67;-11,45;15,51;-10,97;12,02;11,45;23,11;10,97;14,13;3,75;5,06;5,06;-21,00;1,93;2,75;0,00;0,00;0,00;0,00;0,00;66,20;125,60;25,84;21,69;37,06;18,62;2,26;1,90;1,60;1,70;6,05;8,56;287,65;82,15;116,18;6,07;8,54;4,41;-17,70;17,70;-0,10;0,00;287,65;9,60;0,35;1220,00;287,71
L 90x90x8;90,00;8,00;11,00;5,50;0,00;0,00;13,90;25,00;65,00;104,40;61,50;165,90;42,89;208,79;330,81;-45,00;27,40;21,00;34,60;17,60;38,70;48,80;16,48;20,58;5,27;-12,94;17,19;-12,15;13,52;12,94;26,07;12,15;16,05;4,28;5,81;5,76;-21,00;2,85;3,56;0,00;0,00;0,00;0,00;0,00;65,00;124,40;29,30;24,51;41,87;21,07;2,26;1,89;1,61;1,73;6,88;9,73;326,43;93,35;132,01;6,89;9,67;4,98;-17,20;17,20;-0,10;0,00;326,43;10,90;0,35;1390,00;252,52
L 90x90x9;90,00;9,00;11,00;5,50;0,00;0,00;15,50;25,40;64,60;115,80;68,19;184,00;47,65;231,65;367,04;-45,00;27,30;21,00;34,40;17,50;38,60;48,70;18,34;22,94;5,86;-14,38;18,75;-13,27;14,97;14,38;28,91;13,27;17,93;4,79;6,57;6,45;-20,90;4,02;4,46;0,00;0,00;0,00;0,00;0,00;63,90;123,10;32,70;27,25;46,57;23,48;2,27;1,90;1,61;1,77;7,70;10,88;364,73;104,40;147,65;7,68;10,78;5,54;-16,70;16,70;-0,10;0,00;364,73;12,20;0,35;1550,00;226,45
L 90x90x10;90,00;10,00;11,00;5,50;0,00;0,00;17,10;25,80;64,20;126,90;74,59;201,50;52,33;253,83;401,96;-45,00;27,20;20,90;34,30;17,50;38,50;48,50;20,15;25,23;6,44;-15,80;20,28;-14,34;16,38;15,80;31,66;14,34;19,77;5,31;7,34;7,13;-20,80;5,46;5,46;0,00;0,00;0,00;0,00;0,00;62,90;121,80;36,03;29,93;51,15;25,84;2,28;1,89;1,62;1,80;8,50;12,02;402,57;115,33;163,10;8,47;11,86;6,09;-16,20;16,20;0,00;0,00;402,57;13,40;0,35;1710,00;205,26
L 90x90x11;90,00;11,00;11,00;5,50;0,00;0,00;18,70;26,20;63,80;137,60;80,70;218,30;56,94;275,24;435,60;-45,00;27,10;20,80;34,20;17,40;38,30;48,30;21,91;27,47;7,01;-17,18;21,72;-15,37;17,74;17,18;34,30;15,37;21,57;5,83;8,13;7,81;-20,70;7,19;6,54;0,00;0,00;0,00;0,00;0,00;61,90;120,50;39,29;32,53;55,62;28,16;2,29;1,89;1,62;1,83;9,29;13,15;439,93;126,11;178,35;9,23;12,91;6,63;-15,70;15,70;0,00;0,00;439,93;14,70;0,35;1870,00;187,70
L 90x90x16;90,00;16,00;11,00;5,50;0,00;0,00;26,40;28,10;61,90;186,40;107,00;293,50;79,40;372,90;585,74;-45,00;26,60;20,10;33,40;17,40;37,60;47,10;30,26;37,84;9,67;-23,74;28,27;-19,99;24,10;23,74;46,12;19,99;30,11;8,45;12,39;11,16;-20,10;21,02;13,13;0,00;0,00;0,00;0,00;0,00;57,30;114,20;54,76;44,56;76,31;39,24;2,31;1,88;1,66;1,96;13,12;18,55;619,71;178,01;251,74;12,87;17,79;9,21;-13,40;13,40;0,10;0,00;619,71;20,70;0,35;2640,00;132,96
L 100x100x6;100,00;6,00;12,00;6,00;0,00;0,00;11,80;26,40;73,60;111,10;65,25;176,30;45,80;222,10;351,42;-45,00;30,70;23,50;38,70;19,70;43,40;54,60;15,68;19,48;5,04;-12,33;17,36;-12,26;13,04;12,33;24,93;12,26;15,09;3,60;4,80;4,84;-23,40;1,37;2,28;0,00;0,00;0,00;0,00;0,00;75,90;142,10;27,66;23,38;39,93;20,02;2,24;1,90;1,60;1,63;5,82;8,23;277,19;78,96;111,67;6,50;9,16;4,76;-20,40;20,40;-0,20;0,00;277,19;9,30;0,39;1180,00;330,51
L 100x100x7;100,00;7,00;12,00;6,00;0,00;0,00;13,70;26,90;73,10;128,20;75,48;203,70;52,72;256,42;406,10;-45,00;30,60;23,50;38,60;19,60;43,30;54,40;18,13;22,58;5,81;-14,25;19,59;-13,85;15,01;14,25;28,81;13,85;17,54;4,18;5,62;5,63;-23,40;2,16;3,08;0,00;0,00;0,00;0,00;0,00;74,40;140,60;32,08;27,00;46,11;23,15;2,25;1,90;1,60;1,67;6,76;9,55;321,14;91,65;129,61;7,54;10,61;5,49;-20,00;20,00;-0,20;0,00;321,14;10,80;0,39;1370,00;284,67
L 100x100x8;100,00;8,00;12,00;6,00;0,00;0,00;15,50;27,40;72,60;144,80;85,35;230,20;59,49;289,69;459,05;-45,00;30,60;23,50;38,50;19,60;43,30;54,40;20,54;25,61;6,56;-16,11;21,72;-15,37;16,91;16,11;32,56;15,37;19,94;4,76;6,45;6,42;-23,40;3,19;3,99;0,00;0,00;0,00;0,00;0,00;73,10;139,30;36,42;30,54;52,16;26,22;2,26;1,90;1,60;1,71;7,68;10,86;364,61;104,20;147,36;8,56;12,04;6,21;-19,50;19,50;-0,10;0,00;364,61;12,20;0,39;1550,00;251,61
L 100x100x9;100,00;9,00;12,00;6,00;0,00;0,00;17,30;27,80;72,20;161,00;94,86;255,90;66,13;322,03;510,31;-45,00;30,50;23,40;38,40;19,50;43,10;54,30;22,88;28,58;7,31;-17,95;23,79;-16,82;18,75;17,95;36,19;16,82;22,30;5,34;7,28;7,19;-23,30;4,50;5,00;0,00;0,00;0,00;0,00;0,00;71,90;137,80;40,68;34,00;58,08;29,24;2,27;1,89;1,61;1,74;8,60;12,16;407,62;116,62;164,92;9,56;13,43;6,91;-19,10;19,10;-0,10;0,00;407,62;13,60;0,39;1730,00;225,43
L 100x100x10;100,00;10,00;12,00;6,00;0,00;0,00;19,20;28,20;71,80;176,70;104,00;280,70;72,66;353,36;559,91;-45,00;30,40;23,30;38,30;19,50;43,00;54,00;25,17;31,48;8,04;-19,75;25,76;-18,21;20,53;19,75;39,70;18,21;24,62;5,92;8,12;7,96;-23,20;6,12;6,12;0,00;0,00;0,00;0,00;0,00;70,90;136,50;44,87;37,38;63,88;32,20;2,27;1,89;1,61;1,77;9,50;13,44;450,15;128,89;182,28;10,54;14,79;7,60;-18,60;18,60;-0,10;0,00;450,15;15,10;0,39;1920,00;203,13
L 100x100x11;100,00;11,00;12,00;6,00;0,00;0,00;20,90;28,60;71,40;191,90;112,80;304,70;79,09;383,79;607,89;-45,00;30,30;23,20;38,10;19,40;42,90;53,90;27,41;34,32;8,75;-21,49;27,63;-19,53;22,27;21,49;43,09;19,53;26,89;6,49;8,98;8,72;-23,10;8,08;7,34;0,00;0,00;0,00;0,00;0,00;69,90;135,20;48,99;40,69;69,54;35,12;2,28;1,89;1,61;1,80;10,40;14,70;492,22;141,04;199,46;11,51;16,13;8,28;-18,10;18,10;-0,10;0,00;492,22;16,40;0,39;2090,00;186,60
L 100x100x12;100,00;12,00;12,00;6,00;0,00;0,00;22,70;29,00;71,00;206,70;121,30;327,90;85,44;413,34;654,30;-45,00;30,20;23,10;38,00;19,40;42,70;53,70;29,60;37,09;9,45;-23,20;29,42;-20,81;23,96;23,20;46,37;20,81;29,12;7,07;9,85;9,48;-23,00;10,39;8,66;0,00;0,00;0,00;0,00;0,00;68,90;133,90;53,03;43,92;75,08;38,00;2,29;1,89;1,62;1,83;11,28;15,95;533,81;153,04;216,44;12,46;17,43;8,95;-17,60;17,60;0,00;0,00;533,81;17,80;0,39;2270,00;171,81
L 100x100x14;100,00;14,00;12,00;6,00;0,00;0,00;26,20;29,80;70,20;235,00;137,10;372,10;97,92;470,02;742,49;-45,00;30,00;22,90;37,70;19,30;42,40;53,20;33,85;42,45;10,82;-26,54;32,84;-23,23;27,22;26,54;52,62;23,23;33,48;8,23;11,65;10,98;-22,80;16,21;11,58;0,00;0,00;0,00;0,00;0,00;67,00;131,50;60,92;50,16;85,78;43,62;2,30;1,89;1,63;1,88;13,02;18,41;615,59;176,65;249,82;14,32;19,95;10,26;-16,70;16,70;0,00;0,00;615,59;20,60;0,39;2620,00;148,86
L 100x100x16;100,00;16,00;12,00;6,00;0,00;0,00;29,60;30,60;69,40;261,70;151,50;413,30;110,20;523,50;824,78;-45,00;29,70;22,60;37,40;19,30;42,00;52,80;37,99;47,57;12,14;-29,76;36,06;-25,50;30,34;29,76;58,45;25,50;37,70;9,38;13,53;12,47;-22,60;23,75;14,84;0,00;0,00;0,00;0,00;0,00;65,20;129,10;68,55;56,09;96,00;49,09;2,30;1,89;1,64;1,93;14,72;20,82;695,49;199,72;282,44;16,11;22,36;11,53;-15,70;15,70;0,10;0,00;695,49;23,20;0,39;2960,00;131,76
L 100x100x18;100,00;18,00;12,00;6,00;0,00;0,00;32,90;31,30;68,70;287,00;164,60;451,60;122,00;573,60;901,42;-45,00;29,50;22,40;37,00;19,00;41,70;52,30;41,94;52,46;13,41;-32,90;39,10;-27,56;33,26;32,90;63,87;27,56;41,80;10,56;15,43;13,94;-22,30;33,18;18,43;0,00;0,00;0,00;0,00;0,00;63,40;126,50;75,94;61,74;105,74;54,42;2,31;1,88;1,66;1,98;16,38;23,16;773,51;222,24;314,29;17,85;24,65;12,77;-14,80;14,80;0,20;0,00;773,51;25,80;0,39;3290,00;118,54
L 110x110x6;110,00;6,00;12,00;6,00;0,00;0,00;13,00;28,90;81,10;149,50;87,87;237,30;61,60;298,90;473,28;-45,00;33,90;26,00;42,70;21,80;47,90;60,30;19,10;23,76;6,15;-15,04;21,32;-15,07;15,93;15,04;30,51;15,07;18,43;3,97;5,31;5,34;-25,90;1,51;2,52;0,00;0,00;0,00;0,00;0,00;82,90;156,20;33,70;28,45;48,59;24,35;2,24;1,89;1,59;1,62;6,42;9,08;305,39;87,11;123,19;7,92;11,17;5,79;-22,90;22,90;-0,20;0,00;305,39;10,20;0,43;1300,00;330,77
L 110x110x7;110,00;7,00;12,00;6,00;0,00;0,00;15,10;29,40;80,60;172,70;101,70;274,40;70,94;345,34;547,39;-45,00;33,90;26,00;42,70;21,70;47,90;60,20;22,12;27,55;7,05;-17,40;24,15;-17,06;18,34;17,40;35,28;17,06;21,43;4,62;6,22;6,22;-25,90;2,38;3,41;0,00;0,00;0,00;0,00;0,00;81,40;154,70;39,11;32,89;56,16;28,17;2,25;1,89;1,59;1,65;7,45;10,54;354,04;101,15;143,04;9,19;12,95;6,69;-22,50;22,50;-0,10;0,00;354,04;11,90;0,43;1510,00;284,77
L 110x110x8;110,00;8,00;12,00;6,00;0,00;0,00;17,10;29,90;80,10;195,30;115,20;310,50;80,11;390,61;619,39;-45,00;33,80;26,00;42,60;21,60;47,80;60,20;25,08;31,27;7,98;-19,69;26,83;-18,97;20,68;19,69;39,92;18,97;24,37;5,26;7,13;7,08;-25,90;3,53;4,42;0,00;0,00;0,00;0,00;0,00;80,20;153,40;44,42;37,23;63,59;31,93;2,26;1,89;1,59;1,68;8,48;11,99;402,21;115,05;162,71;10,44;14,70;7,56;-22,00;22,00;-0,10;0,00;402,21;13,40;0,43;1710,00;251,46
L 110x110x9;110,00;9,00;12,00;6,00;0,00;0,00;19,10;30,30;79,70;217,30;128,20;345,50;89,10;434,60;689,30;-45,00;33,70;25,90;42,50;21,60;47,70;60,10;27,97;34,92;8,89;-21,94;29,41;-20,80;22,95;21,94;44,42;20,80;27,26;5,90;8,04;7,94;-25,80;4,99;5,54;0,00;0,00;0,00;0,00;0,00;79,00;152,00;49,65;41,49;70,88;35,63;2,26;1,89;1,60;1,71;9,50;13,43;449,92;128,83;182,19;11,67;16,41;8,43;-21,50;21,50;-0,10;0,00;449,92;15,00;0,43;1910,00;225,13
L 110x110x10;110,00;10,00;13,00;6,50;0,00;0,00;21,20;30,60;79,40;238,00;140,20;378,20;97,74;475,94;754,42;-45,00;33,50;25,70;42,30;21,50;47,40;59,70;30,75;38,41;9,81;-24,13;31,92;-22,56;25,17;24,13;48,62;22,56;29,99;6,53;8,91;8,79;-25,60;6,79;6,79;0,00;0,00;0,00;0,00;0,00;78,80;151,20;54,68;45,67;78,02;39,27;2,27;1,89;1,61;1,74;10,50;14,85;497,79;142,46;201,47;12,85;18,05;9,28;-20,90;20,90;-0,10;0,00;497,79;16,60;0,43;2120,00;202,36
L 110x110x11;110,00;11,00;13,00;6,50;0,00;0,00;23,20;31,10;78,90;258,80;152,40;411,20;106,40;517,60;820,33;-45,00;33,40;25,60;42,10;21,40;47,20;59,50;33,52;41,92;10,69;-26,28;34,26;-24,22;27,32;26,28;52,87;24,22;32,79;7,16;9,83;9,64;-25,60;8,97;8,15;0,00;0,00;0,00;0,00;0,00;77,80;150,20;59,75;49,76;85,02;42,86;2,27;1,89;1,61;1,77;11,49;16,26;544,55;155,96;220,56;14,04;19,70;10,12;-20,50;20,50;-0,10;0,00;544,55;18,20;0,43;2320,00;184,91
L 110x110x12;110,00;12,00;13,00;6,50;0,00;0,00;25,10;31,50;78,50;279,10;164,10;443,20;115,00;558,20;884,29;-45,00;33,30;25,60;42,00;21,40;47,10;59,40;36,24;45,35;11,56;-28,40;36,55;-25,84;29,43;28,40;56,98;25,84;35,54;7,80;10,78;10,47;-25,50;11,55;9,62;0,00;0,00;0,00;0,00;0,00;76,80;148,90;64,73;53,76;91,88;46,40;2,28;1,89;1,61;1,80;12,48;17,65;590,85;169,33;239,46;15,21;21,32;10,94;-20,00;20,00;-0,10;0,00;590,85;19,70;0,43;2510,00;170,92
L 110x110x14;110,00;14,00;13,00;6,50;0,00;0,00;29,00;32,30;77,70;318,10;186,30;504,40;131,80;636,20;1006,48;-45,00;33,10;25,30;41,70;21,30;46,80;58,90;41,48;52,02;13,25;-32,52;40,86;-28,89;33,48;32,52;64,85;28,89;40,92;9,06;12,70;12,14;-25,30;18,04;12,88;0,00;0,00;0,00;0,00;0,00;74,90;146,50;74,46;61,52;105,19;53,32;2,29;1,89;1,62;1,85;14,42;20,39;682,03;195,65;276,69;17,50;24,45;12,55;-19,00;19,00;0,00;0,00;682,03;22,80;0,43;2900,00;147,93
L 120x120x7;120,00;7,00;13,00;6,50;0,00;0,00;16,50;31,80;88,20;225,60;132,80;358,40;92,80;451,20;714,73;-45,00;37,00;28,40;46,60;23,70;52,30;65,80;26,45;32,92;8,50;-20,81;29,21;-20,65;22,00;20,81;42,24;20,65;25,57;5,04;6,76;6,79;-28,30;2,61;3,73;0,00;0,00;0,00;0,00;0,00;89,70;169,70;46,71;39,35;67,20;33,69;2,25;1,89;1,59;1,63;8,15;11,53;387,57;110,65;156,48;10,98;15,47;8,01;-24,80;24,80;-0,20;0,00;387,57;13,00;0,47;1650,00;284,24
L 120x120x8;120,00;8,00;13,00;6,50;0,00;0,00;18,70;32,20;87,80;255,40;150,60;406,00;104,80;510,80;809,91;-45,00;36,90;28,40;46,50;23,70;52,20;65,80;30,01;37,40;9,56;-23,58;32,50;-22,98;24,83;23,58;47,85;22,98;29,11;5,75;7,76;7,74;-28,20;3,87;4,84;0,00;0,00;0,00;0,00;0,00;88,30;168,30;53,10;44,59;76,15;38,21;2,25;1,89;1,59;1,66;9,28;13,12;440,45;125,91;178,06;12,48;17,58;9,06;-24,40;24,40;-0,10;0,00;440,45;14,70;0,47;1870,00;250,80
L 120x120x9;120,00;9,00;13,00;6,50;0,00;0,00;21,00;32,70;87,30;284,50;167,90;452,40;116,70;569,10;902,58;-45,00;36,80;28,30;46,40;23,60;52,00;65,60;33,51;41,80;10,66;-26,29;35,66;-25,24;27,60;26,29;53,32;25,24;32,59;6,44;8,76;8,68;-28,20;5,48;6,08;0,00;0,00;0,00;0,00;0,00;87,10;166,80;59,39;49,73;84,94;42,66;2,26;1,89;1,59;1,69;10,40;14,70;492,85;141,04;199,46;13,96;19,65;10,10;-23,90;23,90;-0,10;0,00;492,85;16,50;0,47;2100,00;223,33
L 120x120x10;120,00;10,00;13,00;6,50;0,00;0,00;23,20;33,10;86,90;312,90;184,60;497,60;128,30;625,90;992,79;-45,00;36,70;28,20;46,30;23,50;51,90;65,40;36,94;46,12;11,74;-28,97;38,72;-27,38;30,28;28,97;58,64;27,38;36,03;7,14;9,75;9,62;-28,10;7,46;7,46;0,00;0,00;0,00;0,00;0,00;86,00;165,40;65,59;54,78;93,57;47,05;2,26;1,89;1,60;1,72;11,50;16,26;544,79;156,03;220,66;15,41;21,68;11,12;-23,40;23,40;-0,10;0,00;544,79;18,20;0,47;2320,00;202,16
L 120x120x11;120,00;11,00;13,00;6,50;0,00;0,00;25,40;33,60;86,40;340,60;200,90;541,50;139,80;681,30;1080,58;-45,00;36,60;28,10;46,20;23,50;51,80;65,20;40,31;50,37;12,80;-31,57;41,63;-29,46;32,90;31,57;63,82;29,46;39,41;7,84;10,76;10,55;-28,10;9,85;8,96;0,00;0,00;0,00;0,00;0,00;84,90;164,40;71,70;59,73;102,05;51,38;2,27;1,89;1,60;1,74;12,59;17,81;596,25;170,89;241,67;16,85;23,67;12,13;-22,90;22,90;-0,10;0,00;596,25;19,90;0,47;2540,00;184,65
L 120x120x12;120,00;12,00;13,00;6,50;0,00;0,00;27,50;34,00;86,00;367,70;216,60;584,30;151,10;735,40;1166,00;-45,00;36,50;28,10;46,10;23,40;51,60;65,10;43,62;54,54;13,85;-34,15;44,49;-31,46;35,46;34,15;68,86;31,46;42,73;8,53;11,78;11,47;-28,00;12,70;10,58;0,00;0,00;0,00;0,00;0,00;84,00;163,20;77,72;64,60;110,38;55,65;2,28;1,89;1,60;1,77;13,68;19,35;647,25;185,61;262,49;18,26;25,63;13,13;-22,40;22,40;0,00;0,00;647,25;21,60;0,47;2750,00;170,55
L 120x120x13;120,00;13,00;13,00;6,50;0,00;0,00;29,70;34,40;85,60;394,00;231,80;625,80;162,20;788,00;1249,08;-45,00;36,40;27,90;45,90;23,40;51,50;64,90;46,86;58,63;14,89;-36,66;47,20;-33,38;37,94;36,66;73,75;33,38;46,01;9,22;12,80;12,39;-27,90;16,02;12,33;0,00;0,00;0,00;0,00;0,00;83,00;161,90;83,65;69,37;118,55;59,86;2,28;1,89;1,61;1,79;14,75;20,87;697,77;200,19;283,11;19,66;27,56;14,11;-21,90;21,90;0,00;0,00;697,77;23,30;0,47;2970,00;157,91
L 120x120x14;120,00;14,00;13,00;6,50;0,00;0,00;31,80;34,80;85,20;419,80;246,50;666,30;173,30;839,60;1329,88;-45,00;36,30;27,80;45,80;23,30;51,30;64,70;50,03;62,65;15,91;-39,14;49,86;-35,26;40,39;39,14;78,52;35,26;49,25;9,91;13,85;13,30;-27,80;19,86;14,19;0,00;0,00;0,00;0,00;0,00;82,10;160,80;89,50;74,05;126,57;64,01;2,29;1,89;1,61;1,82;15,82;22,37;747,83;214,64;303,55;21,03;29,44;15,08;-21,40;21,40;0,00;0,00;747,83;25,00;0,47;3180,00;147,48
L 120x120x15;120,00;15,00;13,00;6,50;0,00;0,00;33,90;35,10;84,90;444,90;260,70;705,60;184,20;889,80;1408,43;-45,00;36,20;27,70;45,60;23,30;51,20;64,50;53,15;66,59;16,92;-41,58;52,41;-37,06;42,78;41,58;83,16;37,06;52,43;10,61;14,91;14,20;-27,60;24,25;16,17;0,00;0,00;0,00;0,00;0,00;81,20;159,30;95,26;78,64;134,44;68,11;2,29;1,89;1,62;1,84;16,88;23,86;797,41;228,96;323,79;22,39;31,30;16,03;-21,00;21,00;0,00;0,00;797,41;26,60;0,47;3390,00;138,35
L 120x120x16;120,00;16,00;13,00;6,50;0,00;0,00;36,00;35,50;84,50;469,40;274,40;743,80;195,00;938,80;1484,78;-45,00;36,10;27,60;45,40;23,30;51,10;64,20;56,19;70,45;17,91;-43,97;54,88;-38,81;45,11;43,97;87,66;38,81;55,57;11,30;15,98;15,11;-27,50;29,21;18,25;0,00;0,00;0,00;0,00;0,00;80,40;158,10;100,94;83,13;142,16;72,17;2,30;1,89;1,62;1,86;17,92;25,34;846,53;243,13;343,84;23,72;33,11;16,98;-20,50;20,50;0,10;0,00;846,53;28,30;0,47;3600,00;130,28
L 130x130x8;130,00;8,00;14,00;7,00;0,00;0,00;20,40;34,60;95,40;326,70;192,50;519,20;134,30;653,50;1035,66;-45,00;40,00;30,70;50,50;25,70;56,60;71,30;35,38;44,06;11,36;-27,82;38,75;-27,42;29,38;27,82;56,48;27,42;34,26;6,23;8,39;8,40;-30,60;4,21;5,27;0,00;0,00;0,00;0,00;0,00;96,40;183,00;62,54;52,61;89,84;45,05;2,25;1,89;1,59;1,64;10,08;14,26;478,73;136,76;193,41;14,70;20,71;10,70;-26,70;26,70;-0,20;0,00;478,73;16,00;0,51;2040,00;249,02
L 130x130x9;130,00;9,00;14,00;7,00;0,00;0,00;22,80;35,10;94,90;364,40;214,90;579,20;149,50;728,70;1155,56;-45,00;40,00;30,70;50,40;25,60;56,60;71,20;39,54;49,29;12,58;-31,07;42,60;-30,12;32,68;31,07;63,01;30,12;38,39;7,00;9,48;9,43;-30,60;5,96;6,62;0,00;0,00;0,00;0,00;0,00;95,10;181,70;70,00;58,72;100,28;50,33;2,25;1,89;1,59;1,67;11,29;15,97;535,84;153,25;216,73;16,45;23,17;11,93;-26,30;26,30;-0,10;0,00;535,84;17,90;0,51;2280,00;222,81
L 130x130x10;130,00;10,00;14,00;7,00;0,00;0,00;25,20;35,50;94,50;401,10;236,70;637,80;164,50;802,30;1272,52;-45,00;39,90;30,60;50,30;25,50;56,40;71,10;43,63;54,43;13,86;-34,23;46,25;-32,73;35,89;34,23;69,38;32,73;42,47;7,75;10,56;10,45;-30,50;8,12;8,12;0,00;0,00;0,00;0,00;0,00;93,90;180,20;77,36;64,72;110,54;55,54;2,26;1,89;1,59;1,70;12,50;17,68;592,47;169,60;239,85;18,18;25,58;13,14;-25,80;25,80;-0,10;0,00;592,47;19,80;0,51;2520,00;201,59
L 130x130x11;130,00;11,00;14,00;7,00;0,00;0,00;27,60;36,00;94,00;437,10;257,90;694,90;179,20;874,10;1386,62;-45,00;39,80;30,60;50,20;25,50;56,30;70,90;47,64;59,49;15,13;-37,35;49,82;-35,23;39,02;37,35;75,60;35,23;46,48;8,51;11,63;11,46;-30,50;10,74;9,76;0,00;0,00;0,00;0,00;0,00;92,90;179,10;84,61;70,62;120,64;60,67;2,27;1,89;1,60;1,72;13,70;19,37;648,64;185,81;262,78;19,88;27,96;14,34;-25,30;25,30;-0,10;0,00;648,64;21,70;0,51;2760,00;184,06
L 130x130x12;130,00;12,00;14,00;7,00;0,00;0,00;30,00;36,40;93,60;472,20;278,40;750,60;193,70;944,30;1497,88;-45,00;39,70;30,50;50,00;25,40;56,10;70,70;51,58;64,46;16,38;-40,42;53,26;-37,64;42,07;40,42;81,65;37,64;50,44;9,26;12,72;12,47;-30,40;13,85;11,54;0,00;0,00;0,00;0,00;0,00;91,90;177,80;91,77;76,43;130,57;65,74;2,27;1,89;1,60;1,75;14,88;21,04;704,33;201,89;285,51;21,57;30,30;15,52;-24,80;24,80;-0,10;0,00;704,33;23,50;0,51;3000,00;169,33
L 130x130x13;130,00;13,00;14,00;7,00;0,00;0,00;32,30;36,80;93,20;506,50;298,40;804,90;208,10;1013,00;1606,36;-45,00;39,60;30,40;49,90;25,40;56,00;70,50;55,46;69,35;17,61;-43,41;56,55;-39,99;45,07;43,41;87,56;39,99;54,35;10,01;13,82;13,47;-30,30;17,49;13,45;0,00;0,00;0,00;0,00;0,00;90,90;176,60;98,83;82,13;140,33;70,75;2,28;1,89;1,60;1,77;16,06;22,71;759,56;217,83;308,06;23,22;32,59;16,69;-24,30;24,30;0,00;0,00;759,56;25,40;0,51;3230,00;157,28
L 130x130x14;130,00;14,00;14,00;7,00;0,00;0,00;34,70;37,20;92,80;540,10;317,80;857,80;222,30;1080,10;1712,10;-45,00;39,50;30,30;49,80;25,30;55,90;70,20;59,27;74,15;18,83;-46,37;59,76;-42,26;48,00;46,37;93,32;42,26;58,20;10,76;14,94;14,46;-30,20;21,69;15,50;0,00;0,00;0,00;0,00;0,00;90,00;175,40;105,79;87,73;149,93;75,69;2,28;1,89;1,61;1,79;17,22;24,35;814,31;233,64;330,41;24,86;34,85;17,84;-23,80;23,80;0,00;0,00;814,31;27,20;0,51;3470,00;146,40
L 130x130x15;130,00;15,00;14,00;7,00;0,00;0,00;37,00;37,60;92,40;572,90;336,50;909,40;236,30;1145,70;1815,15;-45,00;39,40;30,20;49,60;25,30;55,70;70,00;63,01;78,88;20,03;-49,29;62,88;-44,45;50,86;49,29;98,93;44,45;62,00;11,51;16,06;15,44;-30,10;26,50;17,67;0,00;0,00;0,00;0,00;0,00;89,10;174,20;112,66;93,24;159,36;80,58;2,29;1,89;1,61;1,81;18,37;25,99;868,60;249,31;352,57;26,48;37,07;18,98;-23,30;23,30;0,00;0,00;868,60;29,00;0,51;3700,00;137,30
L 130x130x16;130,00;16,00;14,00;7,00;0,00;0,00;39,30;38,00;92,00;605,00;354,70;959,70;250,30;1210,00;1915,57;-45,00;39,30;30,00;49,40;25,30;55,60;69,80;66,67;83,52;21,21;-52,15;65,90;-46,60;53,69;52,15;104,40;46,60;65,75;12,26;17,21;16,43;-30,00;31,94;19,96;0,00;0,00;0,00;0,00;0,00;88,20;173,00;119,44;98,64;168,63;85,40;2,29;1,89;1,62;1,83;19,52;27,61;922,41;264,84;374,54;28,07;39,25;20,11;-22,80;22,80;0,00;0,00;922,41;30,90;0,51;3930,00;129,26
L 140x140x9;140,00;9,00;15,00;7,50;0,00;0,00;24,60;37,50;102,50;457,80;269,80;727,60;188,00;915,60;1451,50;-45,00;43,10;33,10;54,40;27,60;61,00;76,80;46,06;57,39;14,77;-36,22;50,15;-35,46;38,18;36,22;73,50;35,46;44,66;7,54;10,17;10,16;-33,00;6,45;7,16;0,00;0,00;0,00;0,00;0,00;103,20;196,60;81,47;68,45;116,89;58,64;2,25;1,89;1,59;1,65;12,20;17,25;578,87;165,46;233,99;19,14;26,97;13,91;-28,60;28,60;-0,20;0,00;578,87;19,30;0,55;2460,00;222,36
L 140x140x10;140,00;10,00;15,00;7,50;0,00;0,00;27,20;37,90;102,10;504,40;297,60;802,00;206,90;1008,90;1600,06;-45,00;43,00;33,10;54,30;27,60;60,80;76,70;50,86;63,42;16,17;-39,93;54,50;-38,56;41,97;39,93;81,01;38,56;49,43;8,37;11,36;11,27;-32,90;8,79;8,79;0,00;0,00;0,00;0,00;0,00;102,00;195,00;90,08;75,49;128,93;64,73;2,26;1,89;1,59;1,68;13,50;19,09;640,21;183,16;259,03;21,17;29,81;15,33;-28,10;28,10;-0,10;0,00;640,21;21,40;0,55;2720,00;201,10
L 140x140x11;140,00;11,00;15,00;7,50;0,00;0,00;29,80;38,40;101,60;550,10;324,60;874,70;225,50;1100,20;1745,24;-45,00;42,90;33,00;54,10;27,50;60,70;76,50;55,57;69,36;17,65;-43,60;58,75;-41,54;45,66;43,60;88,36;41,54;54,14;9,18;12,51;12,37;-32,90;11,63;10,57;0,00;0,00;0,00;0,00;0,00;100,90;193,90;98,58;82,43;140,79;70,75;2,26;1,89;1,59;1,70;14,79;20,92;701,07;200,74;283,88;23,17;32,60;16,74;-27,70;27,70;-0,10;0,00;701,07;23,40;0,55;2980,00;183,56
L 140x140x12;140,00;12,00;15,00;7,50;0,00;0,00;32,40;38,80;101,20;594,80;350,90;945,70;243,90;1189,60;1887,10;-45,00;42,80;32,90;54,00;27,40;60,50;76,30;60,22;75,20;19,12;-47,21;62,84;-44,44;49,29;47,21;95,53;44,44;58,78;9,99;13,68;13,46;-32,80;15,00;12,50;0,00;0,00;0,00;0,00;0,00;99,80;192,60;106,98;89,25;152,46;76,69;2,27;1,89;1,60;1,73;16,08;22,74;761,47;218,17;308,54;25,14;35,34;18,12;-27,20;27,20;-0,10;0,00;761,47;25,40;0,55;3240,00;168,83
L 140x140x13;140,00;13,00;15,00;7,50;0,00;0,00;35,00;39,20;100,80;638,50;376,50;1015,00;262,00;1277,00;2025,68;-45,00;42,70;32,80;53,90;27,40;60,40;76,10;64,78;80,96;20,57;-50,74;66,79;-47,23;52,82;50,74;102,53;47,23;63,37;10,80;14,85;14,54;-32,70;18,95;14,58;0,00;0,00;0,00;0,00;0,00;98,80;191,30;115,26;95,97;163,96;82,56;2,27;1,89;1,60;1,75;17,36;24,54;821,39;235,47;333,00;27,09;38,05;19,49;-26,70;26,70;-0,10;0,00;821,39;27,50;0,55;3500,00;156,29
L 140x140x14;140,00;14,00;15,00;7,50;0,00;0,00;37,50;39,60;100,40;681,40;401,40;1083,00;280,00;1363,00;2161,04;-45,00;42,60;32,70;53,70;27,30;60,20;75,90;69,28;86,62;22,00;-54,23;70,65;-49,95;56,30;54,23;109,40;49,95;67,89;11,61;16,04;15,62;-32,60;23,52;16,80;0,00;0,00;0,00;0,00;0,00;97,80;190,00;123,44;102,58;175,27;88,36;2,28;1,89;1,60;1,77;18,62;26,33;880,85;252,63;357,27;29,01;40,71;20,84;-26,20;26,20;0,00;0,00;880,85;29,40;0,55;3750,00;145,87
L 140x140x15;140,00;15,00;15,00;7,50;0,00;0,00;40,00;40,00;100,00;723,30;425,60;1149,00;297,70;1446,70;2293,23;-45,00;42,50;32,60;53,60;27,30;60,10;75,70;73,70;92,20;23,41;-57,66;74,36;-52,58;59,69;57,66;116,07;52,58;72,36;12,42;17,24;16,69;-32,50;28,75;19,17;0,00;0,00;0,00;0,00;0,00;96,90;188,80;131,53;109,08;186,41;94,10;2,28;1,89;1,61;1,79;19,88;28,11;939,83;269,66;381,36;30,91;43,33;22,18;-25,70;25,70;0,00;0,00;939,83;31,40;0,55;4000,00;136,75
L 140x140x16;140,00;16,00;15,00;7,50;0,00;0,00;42,50;40,40;99,60;764,40;449,20;1214,00;315,20;1529,20;2422,29;-45,00;42,40;32,50;53,40;27,20;60,00;75,50;78,04;97,69;24,80;-61,03;77,96;-55,13;63,01;61,03;122,63;55,13;76,77;13,22;18,44;17,76;-32,40;34,67;21,67;0,00;0,00;0,00;0,00;0,00;96,00;187,60;139,51;115,48;197,37;99,77;2,29;1,89;1,61;1,81;21,12;29,87;998,35;286,55;405,24;32,78;45,91;23,50;-25,20;25,20;0,00;0,00;998,35;33,40;0,55;4250,00;128,71
L 140x140x18;140,00;18,00;15,00;7,50;0,00;0,00;47,40;41,20;98,80;844,00;494,10;1338,00;350,00;1688,00;2671,25;-45,00;42,20;32,30;53,10;27,20;59,70;75,10;86,50;108,41;27,54;-67,65;84,92;-60,06;69,52;67,65;135,16;60,06;85,40;14,84;20,93;19,86;-32,20;48,73;27,07;0,00;0,00;0,00;0,00;0,00;94,20;185,30;155,18;127,95;218,77;110,93;2,29;1,89;1,62;1,85;23,58;33,35;1113,97;319,93;452,45;36,47;50,95;26,10;-24,20;24,20;0,10;0,00;1113,97;37,20;0,55;4740,00;115,40
L 150x150x10;150,00;10,00;16,00;8,00;0,00;0,00;29,30;40,30;109,70;624,00;368,00;992,00;256,10;1248,10;1979,04;-45,00;46,20;35,40;58,20;29,60;65,30;82,20;58,64;73,08;18,66;-46,07;63,47;-44,89;48,52;46,07;93,53;44,89;56,91;8,98;12,16;12,10;-35,30;9,46;9,46;0,00;0,00;0,00;0,00;0,00;110,10;209,90;103,76;87,09;148,73;74,63;2,25;1,89;1,59;1,66;14,50;20,51;687,99;196,73;278,22;24,38;34,35;17,69;-30,50;30,50;-0,20;0,00;687,99;23,00;0,59;2930,00;200,00
L 150x150x12;150,00;12,00;16,00;8,00;0,00;0,00;34,80;41,20;108,80;736,90;434,90;1172,00;302,10;1474,10;2338,11;-45,00;46,00;35,40;58,00;29,40;65,10;82,00;69,51;86,76;22,07;-54,52;73,26;-51,82;57,07;54,52;110,50;51,82;67,75;10,73;14,64;14,46;-35,20;16,15;13,46;0,00;0,00;0,00;0,00;0,00;107,80;207,30;123,34;103,07;176,05;88,48;2,26;1,89;1,59;1,71;17,28;24,44;818,65;234,45;331,56;28,99;40,78;20,93;-29,50;29,50;-0,10;0,00;818,65;27,30;0,59;3480,00;168,39
L 150x150x13;150,00;13,00;16,00;8,00;0,00;0,00;37,60;41,60;108,40;791,70;467,10;1259,00;324,60;1583,60;2511,91;-45,00;45,90;35,20;57,90;29,40;64,90;81,70;74,82;93,46;23,75;-58,64;77,94;-55,11;61,19;58,64;118,70;55,11;73,07;11,60;15,88;15,62;-35,10;20,42;15,71;0,00;0,00;0,00;0,00;0,00;106,70;206,30;132,96;110,88;189,42;95,29;2,27;1,89;1,60;1,73;18,65;26,38;883,28;253,11;357,95;31,24;43,92;22,51;-29,00;29,00;-0,10;0,00;883,28;29,50;0,59;3760,00;155,85
L 150x150x14;150,00;14,00;16,00;8,00;0,00;0,00;40,30;42,10;107,90;845,40;498,50;1344,00;346,90;1690,90;2681,96;-45,00;45,80;35,20;57,70;29,30;64,80;81,60;80,06;100,05;25,41;-62,70;82,47;-58,32;65,25;62,70;126,71;58,32;78,33;12,46;17,14;16,78;-35,10;25,35;18,11;0,00;0,00;0,00;0,00;0,00;105,70;205,00;142,46;118,58;202,60;102,03;2,27;1,89;1,60;1,75;20,02;28,31;947,43;271,63;384,14;33,48;47,03;24,08;-28,60;28,60;-0,10;0,00;947,43;31,60;0,59;4030,00;145,41
L 150x150x15;150,00;15,00;16,00;8,00;0,00;0,00;43,00;42,50;107,50;898,10;529,10;1427,00;369,00;1796,00;2848,31;-45,00;45,70;35,10;57,60;29,30;64,60;81,40;85,22;106,55;27,05;-66,70;86,88;-61,44;69,24;66,70;134,54;61,44;83,52;13,33;18,42;17,92;-35,00;31,00;20,67;0,00;0,00;0,00;0,00;0,00;104,80;203,80;151,85;126,17;215,58;108,68;2,28;1,89;1,60;1,77;21,38;30,23;1011,12;290,01;410,14;35,68;50,08;25,64;-28,10;28,10;-0,10;0,00;1011,12;33,80;0,59;4300,00;136,28
L 150x150x16;150,00;16,00;16,00;8,00;0,00;0,00;45,70;42,90;107,10;949,70;558,90;1509,00;390,80;1899,80;3011,02;-45,00;45,60;35,00;57,40;29,20;64,50;81,20;90,29;112,96;28,67;-70,64;91,16;-64,46;73,13;70,64;142,27;64,46;88,65;14,20;19,70;19,09;-34,90;37,40;23,37;0,00;0,00;0,00;0,00;0,00;103,90;202,60;161,12;133,64;228,37;115,27;2,28;1,89;1,61;1,79;22,72;32,13;1074,33;308,26;435,94;37,86;53,09;27,17;-27,60;27,60;0,00;0,00;1074,33;35,90;0,59;4570,00;128,23
L 150x150x18;150,00;18,00;16,00;8,00;0,00;0,00;51,00;43,70;106,30;1050,00;616,10;1666,00;433,80;2099,80;3325,72;-45,00;45,40;34,80;57,10;29,20;64,20;80,80;100,20;125,49;31,86;-78,36;99,39;-70,26;80,72;78,36;157,07;70,26;98,74;15,92;22,30;21,34;-34,70;52,62;29,23;0,00;0,00;0,00;0,00;0,00;102,10;200,20;179,37;148,23;253,39;128,24;2,29;1,89;1,61;1,83;25,38;35,89;1199,35;344,35;486,98;42,15;58,98;30,20;-26,60;26,60;0,00;0,00;1199,35;40,00;0,59;5100,00;114,90
L 150x150x20;150,00;20,00;16,00;8,00;0,00;0,00;56,30;44,40;105,60;1146,00;670,20;1817,00;476,20;2293,20;3626,50;-45,00;45,10;34,50;56,80;29,10;63,80;80,30;109,80;137,64;34,97;-85,81;107,10;-75,80;88,07;85,81;171,31;75,80;108,60;17,64;24,98;23,61;-34,40;71,31;35,65;0,00;0,00;0,00;0,00;0,00;100,30;197,60;197,20;162,37;277,66;140,95;2,30;1,89;1,62;1,86;28,00;39,60;1322,49;379,90;537,26;46,34;64,69;33,16;-25,60;25,60;0,10;0,00;1322,49;44,20;0,59;5630,00;104,09
L 160x160x12;160,00;12,00;17,00;8,50;0,00;0,00;37,30;43,60;116,40;900,00;531,10;1431,00;369,00;1800,00;2855,35;-45,00;49,10;37,70;62,00;31,50;69,40;87,50;79,46;99,14;25,24;-62,37;84,55;-59,80;65,43;62,37;126,48;59,80;77,30;11,46;15,60;15,44;-37,60;17,31;14,42;0,00;0,00;0,00;0,00;0,00;115,80;222,10;140,86;117,88;201,34;101,13;2,26;1,89;1,59;1,69;18,48;26,13;875,89;250,73;354,59;33,10;46,59;23,93;-31,90;31,90;-0,10;0,00;875,89;29,30;0,63;3730,00;167,56
L 160x160x14;160,00;14,00;17,00;8,50;0,00;0,00;43,20;44,50;115,50;1034,00;609,90;1644,00;423,90;2067,90;3280,08;-45,00;48,90;37,60;61,70;31,30;69,20;87,10;91,62;114,44;29,07;-71,82;95,33;-67,38;74,89;71,82;145,31;67,38;89,50;13,32;18,26;17,94;-37,50;27,18;19,42;0,00;0,00;0,00;0,00;0,00;113,60;219,70;162,82;135,75;231,90;116,68;2,27;1,89;1,60;1,73;21,42;30,29;1014,07;290,62;411,00;38,26;53,79;27,56;-30,90;30,90;-0,10;0,00;1014,07;33,90;0,63;4320,00;144,68
L 160x160x15;160,00;15,00;17,00;8,50;0,00;0,00;46,10;44,90;115,10;1099,00;647,90;1747,00;450,90;2197,90;3486,03;-45,00;48,80;37,50;61,60;31,30;69,00;87,00;97,56;121,94;30,96;-76,43;100,47;-71,01;79,49;76,43;154,41;71,01;95,47;14,25;19,60;19,17;-37,40;33,25;22,17;0,00;0,00;0,00;0,00;0,00;112,70;218,40;173,62;144,50;246,87;124,33;2,27;1,89;1,60;1,75;22,88;32,35;1082,46;310,36;438,92;40,80;57,31;29,35;-30,40;30,40;-0,10;0,00;1082,46;36,20;0,63;4610,00;135,58
L 160x160x16;160,00;16,00;17,00;8,50;0,00;0,00;49,00;45,30;114,70;1163,00;685,00;1848,00;477,70;2325,70;3687,77;-45,00;48,70;37,40;61,40;31,20;68,90;86,80;103,43;129,33;32,83;-80,99;105,50;-74,56;84,02;80,99;163,34;74,56;101,40;15,18;20,96;20,40;-37,30;40,13;25,08;0,00;0,00;0,00;0,00;0,00;111,70;217,20;184,30;153,12;261,63;131,90;2,28;1,89;1,60;1,77;24,32;34,39;1150,37;329,97;466,64;43,31;60,78;31,11;-29,90;29,90;-0,10;0,00;1150,37;38,50;0,63;4900,00;127,55
L 160x160x17;160,00;17,00;17,00;8,50;0,00;0,00;51,80;45,70;114,30;1225,00;721,20;1947,00;504,20;2451,20;3885,37;-45,00;48,60;37,30;61,30;31,20;68,70;86,60;109,21;136,62;34,67;-85,38;110,22;-78,00;88,46;85,38;172,09;78,00;107,20;16,08;22,33;21,63;-37,20;47,87;28,16;0,00;0,00;0,00;0,00;0,00;110,80;216,00;194,86;161,62;276,19;139,40;2,28;1,89;1,61;1,79;25,75;36,42;1217,82;349,44;494,18;45,79;64,21;32,86;-29,40;29,40;0,00;0,00;1217,82;40,70;0,63;5180,00;120,66
L 160x160x18;160,00;18,00;17,00;8,50;0,00;0,00;54,70;46,10;113,90;1287,00;756,50;2043,00;530,40;2573,40;4078,88;-45,00;48,50;37,20;61,10;31,10;68,60;86,40;114,90;143,81;36,50;-89,86;115,07;-81,35;92,81;89,86;180,58;81,35;113,00;17,01;23,70;22,82;-37,10;56,50;31,39;0,00;0,00;0,00;0,00;0,00;109,90;214,80;205,31;170,00;290,55;146,82;2,29;1,89;1,61;1,81;27,18;38,44;1284,79;368,77;521,52;48,25;67,59;34,59;-29,00;29,00;0,00;0,00;1284,79;42,90;0,63;5470,00;114,26
L 160x160x19;160,00;19,00;17,00;8,50;0,00;0,00;57,50;46,50;113,50;1347,00;790,90;2138,00;556,50;2694,50;4268,37;-45,00;48,40;37,10;61,00;31,10;68,40;86,20;120,51;150,90;38,30;-94,17;119,61;-84,64;97,12;94,17;188,97;84,64;118,70;17,92;25,11;24,04;-37,00;66,08;34,78;0,00;0,00;0,00;0,00;0,00;109,00;213,70;215,64;178,26;304,71;154,17;2,29;1,89;1,61;1,82;28,59;40,44;1351,30;387,97;548,67;50,68;70,92;36,31;-28,50;28,50;0,00;0,00;1351,30;45,10;0,63;5750,00;108,70
L 160x160x20;160,00;20,00;17,00;8,50;0,00;0,00;60,30;46,90;113,10;1407,00;824,40;2231,00;582,00;2813,00;4453,88;-45,00;48,30;37,00;60,80;31,10;68,30;85,90;126,03;157,89;40,09;-98,57;124,28;-87,79;101,29;98,57;197,19;87,79;124,00;18,86;26,49;25,25;-36,90;76,64;38,32;0,00;0,00;0,00;0,00;0,00;108,10;212,50;225,87;186,40;318,67;161,46;2,29;1,89;1,62;1,84;30,00;42,43;1417,33;407,03;575,63;53,08;74,21;38,00;-28,00;28,00;0,10;0,00;1417,33;47,30;0,63;6030,00;103,65
L 180x180x13;180,00;13,00;18,00;9,00;0,00;0,00;45,50;49,00;131,00;1396,00;824,40;2220,00;571,70;2791,70;4431,52;-45,00;55,40;42,60;69,90;35,50;78,30;98,70;109,31;136,48;34,91;-85,83;116,73;-82,56;90,04;85,83;174,42;82,56;106,50;13,97;19,00;18,83;-42,50;24,81;19,09;0,00;0,00;0,00;0,00;0,00;129,80;250,00;193,84;162,09;276,84;139,00;2,26;1,89;1,59;1,68;22,56;31,90;1068,30;306,02;432,78;45,55;64,14;32,89;-36,30;36,30;-0,10;0,00;1068,30;35,70;0,71;4550,00;154,95
L 180x180x14;180,00;14,00;18,00;9,00;0,00;0,00;48,80;49,40;130,60;1493,00;881,80;2375,00;611,40;2986,40;4739,97;-45,00;55,30;42,50;69,80;35,40;78,20;98,60;117,12;146,29;37,36;-91,87;123,73;-87,52;96,14;91,87;186,60;87,52;114,30;15,02;20,49;20,24;-42,40;30,84;22,03;0,00;0,00;0,00;0,00;0,00;128,70;248,60;207,89;173,56;296,44;148,95;2,26;1,89;1,59;1,70;24,22;34,25;1146,56;328,61;464,73;48,85;68,76;35,22;-35,80;35,80;-0,10;0,00;1146,56;38,30;0,71;4880,00;144,47
L 180x180x15;180,00;15,00;18,00;9,00;0,00;0,00;52,10;49,80;130,20;1589,00;938,00;2527,00;650,60;3177,60;5042,92;-45,00;55,20;42,40;69,60;35,30;78,10;98,40;124,86;155,99;39,52;-97,89;130,67;-92,34;102,13;97,89;198,54;92,34;122,00;16,09;22,05;21,67;-42,30;37,75;25,17;0,00;0,00;0,00;0,00;0,00;127,70;247,30;221,80;184,88;315,81;158,80;2,27;1,89;1,59;1,72;25,88;36,59;1224,34;351,07;496,48;52,12;73,31;37,52;-35,30;35,30;-0,10;0,00;1224,34;40,90;0,71;5210,00;135,32
L 180x180x16;180,00;16,00;18,00;9,00;0,00;0,00;55,40;50,20;129,80;1682,00;993,00;2675,00;689,40;3364,40;5340,42;-45,00;55,10;42,30;69,50;35,30;77,90;98,20;132,48;165,56;41,93;-103,68;137,16;-97,04;108,01;103,68;210,17;97,04;129,70;17,11;23,56;23,05;-42,20;45,59;28,49;0,00;0,00;0,00;0,00;0,00;126,70;246,10;235,57;196,07;334,95;168,56;2,27;1,89;1,59;1,74;27,52;38,92;1301,66;373,38;528,05;55,36;77,82;39,79;-34,80;34,80;-0,10;0,00;1301,66;43,50;0,71;5540,00;127,26
L 180x180x17;180,00;17,00;18,00;9,00;0,00;0,00;58,70;50,60;129,40;1775,00;1047,00;2822,00;727,90;3549,90;5632,55;-45,00;55,00;42,20;69,40;35,20;77,80;98,00;140,00;175,03;44,31;-109,55;143,76;-101,64;113,81;109,55;221,72;101,64;137,20;18,17;25,08;24,45;-42,10;54,42;32,01;0,00;0,00;0,00;0,00;0,00;125,80;244,90;249,21;207,11;353,85;178,23;2,28;1,89;1,60;1,75;29,16;41,23;1378,50;395,57;559,42;58,56;82,26;42,05;-34,30;34,30;-0,10;0,00;1378,50;46,10;0,71;5870,00;120,10
L 180x180x18;180,00;18,00;18,00;9,00;0,00;0,00;61,90;51,00;129,00;1866,00;1100,00;2965,00;766,00;3731,00;5919,37;-45,00;54,90;42,20;69,20;35,20;77,60;97,80;147,42;184,38;46,68;-115,28;150,08;-106,12;119,51;115,28;232,95;106,12;144,70;19,21;26,61;25,82;-42,00;64,28;35,71;0,00;0,00;0,00;0,00;0,00;124,90;243,70;262,71;218,02;372,52;187,81;2,28;1,89;1,60;1,77;30,78;43,53;1454,88;417,62;590,60;61,74;86,66;44,29;-33,80;33,80;0,00;0,00;1454,88;48,60;0,71;6190,00;113,89
L 180x180x19;180,00;19,00;18,00;9,00;0,00;0,00;65,10;51,40;128,60;1955,00;1151,00;3106,00;803,80;3909,80;6200,94;-45,00;54,80;42,00;69,10;35,10;77,50;97,60;154,76;193,61;49,02;-120,96;156,31;-110,50;125,12;120,96;244,03;110,50;152,10;20,24;28,15;27,20;-41,90;75,23;39,59;0,00;0,00;0,00;0,00;0,00;124,00;242,50;276,08;228,78;390,96;197,30;2,28;1,89;1,60;1,79;32,39;45,81;1530,78;439,53;621,59;64,88;91,00;46,50;-33,30;33,30;0,00;0,00;1530,78;51,10;0,71;6510,00;108,30
L 180x180x20;180,00;20,00;18,00;9,00;0,00;0,00;68,30;51,80;128,20;2043,00;1202,00;3244,00;841,30;4085,30;6477,33;-45,00;54,70;42,00;68,90;35,10;77,40;97,40;161,99;202,73;51,33;-126,52;162,26;-114,78;130,65;126,52;254,87;114,78;159,40;21,29;29,71;28,57;-41,80;87,31;43,65;0,00;0,00;0,00;0,00;0,00;123,10;241,40;289,33;239,42;409,18;206,71;2,29;1,89;1,61;1,80;34,00;48,08;1606,22;461,30;652,38;67,99;95,28;48,70;-32,80;32,80;0,00;0,00;1606,22;53,60;0,71;6830,00;103,22
L 180x180x22;180,00;22,00;18,00;9,00;0,00;0,00;74,70;52,60;127,40;2214,00;1299,00;3513,00;915,60;4428,60;7014,83;-45,00;54,40;41,70;68,60;35,00;76,90;96,90;176,18;220,63;55,90;-137,50;173,94;-123,08;141,48;137,50;276,01;123,08;173,80;23,34;32,86;31,29;-41,60;115,05;52,29;0,00;0,00;0,00;0,00;0,00;121,40;239,10;315,44;260,27;444,93;225,29;2,29;1,89;1,61;1,83;37,18;52,58;1755,68;504,45;713,40;74,13;103,70;53,03;-31,80;31,80;0,10;0,00;1755,68;58,60;0,71;7470,00;94,38
L 200x200x13;200,00;13,00;18,00;9,00;0,00;0,00;50,70;54,00;146,00;1939,00;1146,00;3085,00;792,80;3877,80;6159,56;-45,00;61,90;47,50;78,00;39,60;87,50;110,20;135,95;169,96;43,42;-106,96;146,97;-103,90;112,33;106,96;218,14;103,90;132,80;15,57;21,21;21,00;-47,50;27,74;21,34;0,00;0,00;0,00;0,00;0,00;143,90;278,30;241,20;201,62;344,31;172,74;2,26;1,89;1,58;1,66;25,16;35,57;1190,50;341,30;482,67;56,68;79,88;40,88;-41,20;41,20;-0,10;0,00;1190,50;39,80;0,79;5070,00;154,83
L 200x200x15;200,00;15,00;18,00;9,00;0,00;0,00;58,10;54,80;145,20;2209,00;1306,00;3516,00;903,00;4419,00;7019,17;-45,00;61,70;47,40;77,80;39,40;87,30;109,90;155,46;194,45;49,55;-122,00;164,75;-116,49;127,57;122,00;248,62;116,49;152,20;17,90;24,51;24,15;-47,30;42,25;28,17;0,00;0,00;0,00;0,00;0,00;141,90;275,70;276,20;230,24;393,24;197,51;2,26;1,89;1,58;1,70;28,87;40,84;1365,34;391,77;554,04;64,91;91,39;46,67;-40,20;40,20;-0,10;0,00;1365,34;45,60;0,79;5810,00;135,11
L 200x200x16;200,00;16,00;18,00;9,00;0,00;0,00;61,80;55,20;144,80;2341,00;1384,00;3725,00;957,20;4682,20;7438,68;-45,00;61,60;47,30;77,60;39,40;87,10;109,70;165,06;206,50;52,56;-129,37;173,28;-122,56;135,00;129,37;263,40;122,56;161,70;19,06;26,17;25,69;-47,20;51,05;31,91;0,00;0,00;0,00;0,00;0,00;141,00;274,50;293,47;244,31;417,31;209,74;2,27;1,89;1,58;1,71;30,72;43,44;1452,06;416,80;589,45;68,96;97,05;49,53;-39,70;39,70;-0,10;0,00;1452,06;48,50;0,79;6180,00;127,02
L 200x200x17;200,00;17,00;18,00;9,00;0,00;0,00;65,50;55,60;144,40;2472,00;1461,00;3932,00;1011,00;4943,00;7851,42;-45,00;61,40;47,20;77,50;39,30;86,80;109,50;174,57;218,42;55,55;-136,71;181,72;-128,49;142,33;136,71;278,03;128,49;171,20;20,23;27,84;27,25;-47,10;60,97;35,86;0,00;0,00;0,00;0,00;0,00;140,10;273,30;310,58;258,23;441,12;221,86;2,27;1,89;1,59;1,73;32,55;46,04;1538,30;441,70;624,66;72,99;102,66;52,36;-39,20;39,20;0,00;0,00;1538,30;51,40;0,79;6550,00;119,85
L 200x200x18;200,00;18,00;18,00;9,00;0,00;0,00;69,10;56,00;144,00;2600,00;1535,00;4135,00;1064,00;5199,00;8257,47;-45,00;61,30;47,10;77,40;39,20;86,70;109,30;183,97;230,20;58,50;-143,99;190,05;-134,26;149,50;143,99;292,39;134,26;180,60;21,39;29,50;28,80;-47,00;72,06;40,03;0,00;0,00;0,00;0,00;0,00;139,20;272,10;327,53;272,00;464,67;233,88;2,28;1,89;1,59;1,74;34,38;48,62;1624,08;466,46;659,67;76,97;108,20;55,17;-38,70;38,70;0,00;0,00;1624,08;54,20;0,79;6910,00;113,60
L 200x200x19;200,00;19,00;18,00;9,00;0,00;0,00;72,70;56,40;143,60;2726,00;1609,00;4335,00;1117,00;5452,00;8656,89;-45,00;61,20;47,00;77,20;39,20;86,50;109,10;193,27;241,86;61,43;-151,05;197,92;-139,95;156,63;151,05;306,53;139,95;189,90;22,54;31,20;30,34;-46,90;84,37;44,41;0,00;0,00;0,00;0,00;0,00;138,30;271,00;344,34;285,61;487,96;245,80;2,28;1,89;1,59;1,76;36,19;51,19;1709,38;491,08;694,50;80,92;113,68;57,96;-38,20;38,20;0,00;0,00;1709,38;57,10;0,79;7270,00;107,98
L 200x200x20;200,00;20,00;18,00;9,00;0,00;0,00;76,30;56,80;143,20;2851,00;1681,00;4532,00;1169,00;5701,00;9049,77;-45,00;61,10;46,90;77,00;39,10;86,40;108,90;202,47;253,40;64,32;-158,17;205,87;-145,45;163,58;158,17;320,46;145,45;199,10;23,70;32,88;31,88;-46,80;97,97;48,99;0,00;0,00;0,00;0,00;0,00;137,50;269,90;360,99;299,06;511,00;257,62;2,28;1,89;1,60;1,77;38,00;53,74;1794,22;515,57;729,13;84,83;119,10;60,72;-37,70;37,70;0,00;0,00;1794,22;59,90;0,79;7630,00;102,88
L 200x200x21;200,00;21,00;18,00;9,00;0,00;0,00;79,90;57,20;142,80;2973,00;1752,00;4725,00;1221,00;5946,00;9436,17;-45,00;61,00;46,80;76,90;39,10;86,30;108,70;211,57;264,80;67,19;-165,06;213,38;-150,88;170,48;165,06;334,11;150,88;208,20;24,85;34,59;33,41;-46,70;112,91;53,77;0,00;0,00;0,00;0,00;0,00;136,70;268,80;377,50;312,36;533,79;269,35;2,29;1,89;1,60;1,79;39,79;56,28;1878,58;539,93;763,57;88,71;124,46;63,46;-37,20;37,20;0,00;0,00;1878,58;62,70;0,79;7990,00;98,25
L 200x200x22;200,00;22,00;18,00;9,00;0,00;0,00;83,50;57,60;142,40;3094,00;1821,00;4915,00;1273,00;6188,00;9816,16;-45,00;60,90;46,70;76,70;39,00;86,10;108,40;220,56;276,08;69,64;-172,00;220,97;-156,25;177,35;172,00;347,54;156,25;217,30;26,03;36,46;34,95;-46,60;129,25;58,75;0,00;0,00;0,00;0,00;0,00;135,80;267,70;393,87;325,51;556,32;280,98;2,29;1,89;1,60;1,80;41,58;58,80;1962,48;564,15;797,82;92,56;129,76;66,18;-36,70;36,70;0,10;0,00;1962,48;65,50;0,79;8350,00;94,01
L 200x200x23;200,00;23,00;18,00;9,00;0,00;0,00;87,10;58,00;142,00;3213,00;1889,00;5102,00;1324,00;6426,00;10189,82;-45,00;60,80;46,60;76,60;39,00;86,00;108,20;229,43;287,23;72,49;-178,81;228,31;-161,44;184,03;178,81;360,77;161,44;226,30;27,18;38,19;36,47;-46,50;147,02;63,92;0,00;0,00;0,00;0,00;0,00;135,00;266,60;410,10;338,51;578,59;292,52;2,29;1,89;1,60;1,81;43,35;61,31;2045,90;588,23;831,88;96,37;135,00;68,88;-36,20;36,20;0,10;0,00;2045,90;68,40;0,79;8710,00;90,13
L 200x200x24;200,00;24,00;18,00;9,00;0,00;0,00;90,60;58,40;141,60;3331,00;1955,00;5286,00;1375,00;6661,00;10557,22;-45,00;60,60;46,50;76,40;39,00;85,70;107,90;238,20;298,25;75,31;-185,68;235,72;-166,56;190,68;185,68;373,78;166,56;235,20;28,35;39,95;37,99;-46,40;166,29;69,29;0,00;0,00;0,00;0,00;0,00;134,20;265,50;426,19;351,36;600,62;303,98;2,30;1,89;1,61;1,83;45,12;63,81;2128,86;612,18;865,75;100,15;140,18;71,55;-35,70;35,70;0,10;0,00;2128,86;71,10;0,79;9060,00;86,65
L 200x200x25;200,00;25,00;18,00;9,00;0,00;0,00;94,10;58,80;141,20;3446,00;2020,00;5467,00;1426,00;6893,00;10918,43;-45,00;60,50;46,30;76,20;38,90;85,60;107,70;246,86;309,16;78,11;-192,32;242,72;-171,63;197,28;192,32;386,58;171,63;244,00;29,48;41,73;39,49;-46,30;187,11;74,84;0,00;0,00;0,00;0,00;0,00;133,40;264,40;442,14;364,05;622,40;315,34;2,30;1,89;1,61;1,84;46,87;66,29;2211,34;635,99;899,42;103,90;145,30;74,21;-35,20;35,20;0,10;0,00;2211,34;73,90;0,79;9410,00;83,42
L 200x200x26;200,00;26,00;18,00;9,00;0,00;0,00;97,60;59,10;140,90;3560,00;2084,00;5644,00;1476,00;7120,00;11273,51;-45,00;60,40;46,20;76,10;38,90;85,40;107,50;255,42;319,93;80,89;-198,93;249,63;-176,51;203,70;198,93;399,09;176,51;252,70;30,64;43,50;40,98;-46,10;209,52;80,58;0,00;0,00;0,00;0,00;0,00;132,60;263,00;457,95;376,60;643,93;326,63;2,30;1,89;1,61;1,85;48,62;68,76;2293,36;659,66;932,90;107,62;150,37;76,84;-34,70;34,70;0,20;0,00;2293,36;76,60;0,79;9760,00;80,43
L 200x200x28;200,00;28,00;18,00;9,00;0,00;0,00;105,00;59,90;140,10;3784,00;2207,00;5991,00;1576,00;7567,00;11965,60;-45,00;60,20;45,80;75,70;38,80;85,10;106,80;272,22;341,12;86,36;-212,14;263,38;-186,12;216,43;212,14;423,63;186,12;270,00;32,97;47,15;43,99;-45,90;259,30;92,61;0,00;0,00;0,00;0,00;0,00;131,00;260,80;489,19;401,24;686,26;348,95;2,31;1,89;1,62;1,88;52,08;73,65;2455,98;706,61;999,29;114,96;160,33;82,06;-33,70;33,70;0,20;0,00;2455,98;82,40;0,79;10500,00;74,76
L 250x250x17;250,00;17,00;18,00;8,50;8,50;3,00;82,10;68,00;182,00;4893,00;2896,00;7789,00;1997,00;9786,00;15626,49;-45,00;77,20;59,40;97,40;49,30;109,20;138,00;275,21;345,52;87,65;-214,48;297,41;-210,51;223,96;214,48;449,57;210,51;268,70;25,18;34,78;33,95;-59,50;77,35;45,50;0,00;0,00;0,00;0,00;0,00;179,00;347,00;490,31;410,68;701,37;351,99;2,29;1,92;1,56;1,67;41,05;58,06;1930,90;557,02;787,75;115,22;162,39;82,53;-51,40;51,40;-0,10;0,00;1930,90;64,40;0,98;8210,00;119,37
L 250x250x18;250,00;18,00;18,00;9,00;9,00;3,00;86,70;68,30;181,70;5156,00;3052,00;8208,00;2104,00;10312,00;16423,14;-45,00;77,10;59,30;97,30;49,30;109,00;137,60;289,96;364,01;92,29;-226,30;311,65;-220,59;236,00;226,30;474,32;220,59;283,80;26,75;36,96;36,06;-59,30;91,50;50,83;0,00;0,00;0,00;0,00;0,00;178,90;346,60;516,74;433,04;739,59;371,34;2,28;1,91;1,56;1,68;43,38;61,35;2038,40;588,57;832,36;121,43;171,08;86,92;-50,80;50,80;0,00;0,00;2038,40;68,10;0,98;8670,00;113,03
L 250x250x19;250,00;19,00;18,00;9,00;9,00;3,00;91,40;68,70;181,30;5417,00;3205,00;8622,00;2212,00;10834,00;17252,05;-45,00;77,00;59,20;97,10;49,20;108,90;137,40;305,09;382,97;97,06;-237,95;325,65;-230,50;247,77;237,95;498,24;230,50;298,90;28,20;39,07;38,01;-59,20;107,24;56,44;0,00;0,00;0,00;0,00;0,00;177,90;345,30;543,88;455,21;777,49;390,56;2,29;1,91;1,56;1,69;45,70;64,62;2147,21;619,98;876,78;127,81;179,99;91,43;-50,30;50,30;0,00;0,00;2147,21;71,70;0,98;9140,00;107,22
L 250x250x20;250,00;20,00;18,00;9,00;9,00;3,00;96,00;69,10;180,90;5674,00;3357,00;9031,00;2318,00;11349,00;18070,29;-45,00;76,90;59,10;97,00;49,10;108,80;137,20;320,09;401,76;101,79;-249,35;339,07;-240,10;259,27;249,35;521,88;240,10;313,80;29,65;41,14;39,96;-59,10;124,64;62,32;0,00;0,00;0,00;0,00;0,00;176,80;344,00;570,81;477,17;815,06;409,65;2,29;1,91;1,56;1,71;48,00;67,88;2255,54;651,25;921,01;134,14;188,83;95,90;-49,80;49,80;0,00;0,00;2255,54;75,40;0,98;9600,00;102,08
L 250x250x21;250,00;21,00;18,00;9,00;9,00;3,00;100,60;69,50;180,50;5929,00;3506,00;9435,00;2423,00;11858,00;18877,95;-45,00;76,80;59,00;96,90;49,10;108,60;137,00;334,98;420,40;106,48;-260,76;352,50;-249,50;270,60;260,76;545,22;249,50;328,60;31,10;43,21;41,90;-59,00;143,78;68,47;0,00;0,00;0,00;0,00;0,00;175,90;343,00;597,55;498,95;852,30;428,61;2,29;1,91;1,56;1,72;50,30;71,13;2363,41;682,39;965,04;140,43;197,59;100,34;-49,30;49,30;0,00;0,00;2363,41;79,00;0,98;10060,00;97,42
L 250x250x22;250,00;22,00;18,00;9,00;9,00;3,00;105,10;69,90;180,10;6180,00;3652,00;9833,00;2528,00;12361,00;19675,12;-45,00;76,70;58,90;96,70;49,00;108,50;136,80;349,74;438,87;111,13;-272,04;365,65;-258,81;281,88;272,04;568,22;258,81;343,30;32,55;45,31;43,83;-58,90;164,74;74,88;0,00;0,00;0,00;0,00;0,00;174,90;341,80;624,10;520,53;889,22;447,43;2,29;1,91;1,57;1,73;52,58;74,36;2470,80;713,39;1008,89;146,66;206,27;104,76;-48,80;48,80;0,00;0,00;2470,80;82,50;0,98;10510,00;93,25
L 250x250x23;250,00;23,00;18,00;9,00;9,00;3,00;109,70;70,30;179,70;6429,00;3797,00;10230,00;2632,00;12862,00;20461,90;-45,00;76,60;58,80;96,60;49,00;108,30;136,60;364,38;457,18;115,75;-283,21;378,53;-267,92;293,00;283,21;591,16;267,92;357,80;34,00;47,42;45,79;-58,80;187,58;81,56;0,00;0,00;0,00;0,00;0,00;174,00;340,30;650,46;541,91;925,82;466,14;2,30;1,91;1,57;1,74;54,85;77,58;2577,73;744,26;1052,54;152,86;214,87;109,14;-48,30;48,30;0,00;0,00;2577,73;86,10;0,98;10970,00;89,34
L 250x250x24;250,00;24,00;18,00;9,00;9,00;3,00;114,20;70,70;179,30;6674,00;3939,00;10610,00;2735,00;13345,00;21238,36;-45,00;76,40;58,70;96,40;48,90;108,00;136,40;378,90;475,33;120,33;-294,24;391,13;-276,84;303,95;294,24;613,12;276,84;372,30;35,44;49,52;47,64;-58,70;212,37;88,49;0,00;0,00;0,00;0,00;0,00;173,10;339,10;676,64;563,11;962,10;484,71;2,30;1,91;1,57;1,75;57,12;80,78;2684,18;774,99;1096,00;159,01;223,41;113,50;-47,80;47,80;0,10;0,00;2684,18;89,60;0,98;11420,00;85,81
L 250x250x25;250,00;25,00;18,00;9,00;9,00;3,00;118,70;71,10;178,90;6917,00;4079,00;11000,00;2837,00;13837,00;22004,62;-45,00;76,30;58,60;96,30;48,90;107,90;136,20;393,30;493,32;124,87;-305,24;403,61;-285,57;314,74;305,24;635,66;285,57;386,70;36,88;51,63;49,62;-58,60;239,19;95,68;0,00;0,00;0,00;0,00;0,00;172,20;337,90;702,62;584,11;998,05;503,17;2,30;1,91;1,57;1,76;59,38;83,97;2790,17;805,58;1139,27;165,12;231,86;117,82;-47,30;47,30;0,10;0,00;2790,17;93,20;0,98;11870,00;82,56
L 250x250x26;250,00;26,00;18,00;9,00;9,00;3,00;123,20;71,50;178,50;7156,00;4217,00;11370,00;2939,00;14309,00;22760,74;-45,00;76,20;58,50;96,10;48,80;107,80;135,90;407,57;511,15;129,38;-316,03;415,69;-294,22;325,47;316,03;657,04;294,22;400,90;38,32;53,77;51,46;-58,50;268,10;103,12;0,00;0,00;0,00;0,00;0,00;171,30;336,80;728,43;604,92;1033,69;521,51;2,31;1,91;1,57;1,77;61,62;87,14;2895,68;836,04;1182,34;171,18;240,24;122,12;-46,80;46,80;0,10;0,00;2895,68;96,70;0,98;12320,00;79,55
L 250x250x27;250,00;27,00;18,00;9,00;9,00;3,00;127,70;71,90;178,10;7393,00;4353,00;11750,00;3040,00;14790,00;23506,84;-45,00;76,10;58,40;95,90;48,80;107,60;135,70;421,72;528,83;133,85;-326,78;427,65;-302,68;336,05;326,78;679,00;302,68;415,10;39,76;55,91;53,43;-58,40;299,18;110,81;0,00;0,00;0,00;0,00;0,00;170,40;335,60;754,05;625,53;1069,01;539,73;2,31;1,91;1,57;1,78;63,85;90,30;3000,73;866,37;1225,23;177,20;248,55;126,39;-46,20;46,20;0,10;0,00;3000,73;100,20;0,98;12770,00;76,74
L 250x250x28;250,00;28,00;18,00;9,00;9,00;3,00;133,00;72,30;177,70;7627,00;4486,00;12110,00;3141,00;15251,00;24242,98;-45,00;76,00;58,10;95,70;48,80;107,50;135,00;435,74;546,34;138,28;-337,48;439,49;-311,07;346,58;337,48;699,80;311,07;429,20;41,20;58,08;55,26;-58,30;332,47;118,74;0,00;0,00;0,00;0,00;0,00;169,60;334,50;779,50;645,96;1104,02;557,83;2,31;1,91;1,58;1,79;66,08;93,45;3105,30;896,56;1267,92;183,18;256,78;130,63;-45,70;45,70;0,10;0,00;3105,30;104,40;0,98;13300,00;73,68
L 250x250x29;250,00;29,00;18,00;9,00;9,00;3,00;136,60;72,70;177,30;7858,00;4618,00;12480,00;3241,00;15721,00;24969,27;-45,00;75,90;58,10;95,60;48,70;107,30;135,20;449,65;563,70;142,68;-347,99;450,95;-319,27;356,94;347,99;721,18;319,27;443,10;42,64;60,26;57,21;-58,20;368,05;126,92;0,00;0,00;0,00;0,00;0,00;168,70;333,30;804,78;666,20;1138,71;575,82;2,31;1,91;1,58;1,80;68,29;96,58;3209,41;926,61;1310,42;189,12;264,94;134,85;-45,20;45,20;0,20;0,00;3209,41;107,20;0,98;13660,00;71,74
L 250x250x30;250,00;30,00;18,00;9,00;9,00;3,00;141,00;73,00;177,00;8087,00;4747,00;12830,00;3340,00;16170,00;25685,79;-45,00;75,70;58,00;95,40;48,70;107,10;135,00;463,43;580,90;147,04;-358,52;462,43;-327,30;367,15;358,52;741,41;327,30;457,00;44,08;62,43;59,03;-58,00;405,99;135,33;0,00;0,00;0,00;0,00;0,00;167,90;331,90;829,87;686,25;1173,09;593,70;2,32;1,91;1,58;1,81;70,50;99,70;3313,04;956,53;1352,73;195,02;273,02;139,04;-44,70;44,70;0,20;0,00;3313,04;110,70;0,98;14100,00;69,50
L 250x250x31;250,00;31,00;18,00;9,00;9,00;3,00;145,40;73,40;176,60;8313,00;4874,00;13190,00;3439,00;16629,00;26392,63;-45,00;75,60;57,90;95,30;48,60;106,90;134,70;477,08;597,95;151,37;-368,93;473,67;-335,25;377,30;368,93;762,21;335,25;470,80;45,52;64,63;60,98;-57,90;446,34;143,98;0,00;0,00;0,00;0,00;0,00;167,00;330,80;854,80;706,11;1207,16;611,48;2,32;1,91;1,58;1,82;72,69;102,81;3416,21;986,31;1394,85;200,88;281,04;143,21;-44,20;44,20;0,20;0,00;3416,21;114,10;0,98;14540,00;67,40
L 250x250x32;250,00;32,00;18,00;9,00;9,00;3,00;149,70;73,80;176,20;8536,00;4998,00;13540,00;3538,00;17078,00;27089,88;-45,00;75,50;57,80;95,10;48,60;106,80;134,50;490,61;614,84;155,66;-379,29;484,80;-343,13;387,41;379,29;782,44;343,13;484,40;46,96;66,88;62,87;-57,80;489,16;152,86;0,00;0,00;0,00;0,00;0,00;166,20;329,70;879,56;725,78;1240,92;629,15;2,32;1,91;1,59;1,83;74,88;105,90;3518,90;1015,95;1436,77;206,70;288,98;147,35;-43,70;43,70;0,20;0,00;3518,90;117,50;0,98;14970,00;65,46
L 250x250x33;250,00;33,00;18,00;9,00;9,00;3,00;154,10;74,20;175,80;8757,00;5121,00;13880,00;3636,00;17516,00;27777,63;-45,00;75,40;57,60;94,90;48,60;106,60;134,30;504,02;631,58;159,92;-389,54;495,69;-350,84;397,36;389,54;802,09;350,84;498,00;48,40;69,12;64,71;-57,70;534,52;161,97;0,00;0,00;0,00;0,00;0,00;165,40;328,60;904,16;745,27;1274,37;646,71;2,32;1,91;1,59;1,84;77,05;108,97;3621,13;1045,46;1478,51;212,48;296,84;151,46;-43,20;43,20;0,30;0,00;3621,13;121,00;0,98;15410,00;63,60
L 250x250x34;250,00;34,00;18,00;9,00;9,00;3,00;158,40;74,50;175,50;8975,00;5241,00;14220,00;3734,00;17954,00;28455,95;-45,00;75,30;57,50;94,70;48,60;106,50;134,00;517,31;648,16;164,14;-399,74;506,49;-358,48;407,26;399,74;821,73;358,48;511,50;49,83;71,33;66,57;-57,50;582,46;171,31;0,00;0,00;0,00;0,00;0,00;164,50;327,20;928,59;764,57;1307,51;664,18;2,32;1,91;1,59;1,85;79,22;112,03;3722,88;1074,84;1520,05;218,22;304,64;155,56;-42,70;42,70;0,30;0,00;3722,88;124,30;0,98;15840,00;61,87
L 250x250x35;250,00;35,00;18,00;9,00;9,00;3,00;162,70;74,90;175,10;9191,00;5359,00;14550,00;3832,00;18382,00;29124,94;-45,00;75,20;57,40;94,60;48,50;106,30;133,80;530,47;664,59;168,33;-409,90;517,18;-366,05;417,11;409,90;840,80;366,05;524,90;51,27;73,63;68,39;-57,40;633,05;180,87;0,00;0,00;0,00;0,00;0,00;163,70;326,10;952,86;783,68;1340,35;681,54;2,33;1,91;1,59;1,86;81,37;115,08;3824,17;1104,07;1561,40;223,92;312,36;159,63;-42,30;42,30;0,30;0,00;3824,17;127,70;0,98;16270,00;60,23
L 300x300x25;300,00;25,00;18,00;12,00;12,00;15,00;142,70;83,60;216,40;12150,00;7220,00;19370,00;4930,00;24300,00;38674,18;-45,00;92,30;71,10;116,50;58,80;130,50;164,60;569,68;718,58;180,12;-445,69;619,64;-439,96;462,60;445,69;935,02;439,96;561,10;44,46;62,35;60,03;-71,10;291,28;116,51;0,00;0,00;0,00;0,00;0,00;213,00;413,80;1020,37;855,93;1462,09;735,19;2,29;1,92;1,56;1,67;71,87;101,65;3353,93;975,18;1379,11;239,79;337,73;169,82;-59,50;59,50;0,00;0,00;3353,93;112,00;1,17;14270,00;81,99
L 300x300x26;300,00;26,00;18,00;12,00;12,00;15,00;148,20;84,00;216,00;12590,00;7475,00;20060,00;5115,00;25175,00;40056,65;-45,00;92,20;71,00;116,30;58,70;130,40;164,40;590,99;745,24;186,85;-462,26;639,74;-454,23;479,27;462,26;968,33;454,23;582,50;46,23;64,95;62,34;-71,00;326,69;125,65;0,00;0,00;0,00;0,00;0,00;211,90;412,50;1058,63;887,08;1515,37;762,35;2,29;1,92;1,57;1,68;74,62;105,53;3482,94;1012,42;1431,78;248,78;350,26;176,18;-59,00;59,00;0,00;0,00;3482,94;116,30;1,17;14820,00;78,95
L 300x300x27;300,00;27,00;18,00;12,00;12,00;15,00;153,70;84,40;215,60;13020,00;7726,00;20750,00;5294,00;26044,00;41424,10;-45,00;92,00;70,90;116,20;58,70;130,10;164,20;612,16;771,71;193,53;-478,35;658,92;-467,84;495,31;478,35;1001,63;467,84;603,50;47,95;67,44;64,70;-70,90;364,79;135,11;0,00;0,00;0,00;0,00;0,00;210,90;411,20;1096,66;917,99;1568,26;789,35;2,29;1,92;1,57;1,69;77,35;109,40;3611,49;1049,53;1484,26;257,72;362,70;182,51;-58,50;58,50;0,10;0,00;3611,49;120,70;1,17;15370,00;76,12
L 300x300x28;300,00;28,00;18,00;12,00;12,00;15,00;159,10;84,80;215,20;13450,00;7975,00;21420,00;5475,00;26895,00;42776,63;-45,00;91,90;70,80;116,00;58,70;130,00;164,00;633,19;797,98;200,17;-494,54;678,17;-481,51;511,48;494,54;1033,98;481,51;624,60;49,71;70,04;66,98;-70,80;405,64;144,87;0,00;0,00;0,00;0,00;0,00;210,00;409,90;1134,47;948,67;1620,77;816,21;2,29;1,92;1,57;1,70;80,08;113,25;3739,56;1086,50;1536,55;266,60;375,05;188,81;-57,90;57,90;0,10;0,00;3739,56;124,90;1,17;15910,00;73,54
L 300x300x29;300,00;29,00;18,00;12,00;12,00;15,00;164,60;85,20;214,80;13870,00;8220,00;22090,00;5650,00;27740,00;44114,35;-45,00;91,80;70,70;115,90;58,60;129,80;163,70;654,07;824,07;206,77;-510,26;696,53;-494,53;527,03;510,26;1066,32;494,53;645,20;51,42;72,50;69,29;-70,70;449,35;154,95;0,00;0,00;0,00;0,00;0,00;209,00;408,40;1172,05;979,12;1672,89;842,91;2,30;1,92;1,57;1,70;82,80;117,09;3867,17;1123,34;1588,64;275,43;387,31;195,07;-57,40;57,40;0,10;0,00;3867,17;129,20;1,17;16460,00;71,08
L 300x300x30;300,00;30,00;18,00;12,00;12,00;15,00;170,00;85,60;214,40;14290,00;8462,00;22750,00;5828,00;28578,00;45437,37;-45,00;91,70;70,60;115,70;58,60;129,70;163,50;674,81;849,96;213,33;-526,14;715,09;-507,71;542,79;526,14;1098,18;507,71;666,00;53,16;75,08;71,58;-70,60;495,99;165,33;0,00;0,00;0,00;0,00;0,00;208,10;407,20;1209,41;1009,33;1724,63;869,48;2,30;1,92;1,57;1,71;85,50;120,92;3994,30;1160,04;1640,55;284,21;399,48;201,30;-56,90;56,90;0,10;0,00;3994,30;133,40;1,17;17000,00;68,82
L 300x300x31;300,00;31,00;18,00;12,00;12,00;15,00;175,40;85,90;214,10;14700,00;8701,00;23400,00;5999,00;29399,00;46745,81;-45,00;91,60;70,40;115,50;58,50;129,50;163,30;695,41;875,66;219,84;-541,48;732,64;-520,17;557,84;541,48;1129,55;520,17;686,30;54,85;77,51;73,85;-70,40;545,64;176,01;0,00;0,00;0,00;0,00;0,00;207,10;406,00;1246,56;1039,32;1775,99;895,89;2,30;1,92;1,57;1,72;88,19;124,73;4120,97;1196,61;1692,26;292,94;411,56;207,49;-56,40;56,40;0,10;0,00;4120,97;137,70;1,17;17540,00;66,71
L 300x300x32;300,00;32,00;18,00;12,00;12,00;15,00;180,70;86,30;213,70;15120,00;8936,00;24050,00;6184,00;30234,00;48039,76;-45,00;91,50;70,30;115,40;58,50;129,40;163,10;715,86;901,17;226,32;-557,73;751,73;-533,73;574,13;557,73;1160,93;533,73;707,20;56,65;80,34;76,16;-70,30;598,39;187,00;0,00;0,00;0,00;0,00;0,00;206,20;404,80;1283,48;1069,08;1826,97;922,17;2,30;1,92;1,57;1,73;90,88;128,52;4247,16;1233,04;1743,78;301,62;423,55;213,65;-55,90;55,90;0,20;0,00;4247,16;141,80;1,17;18070,00;64,75
L 300x300x33;300,00;33,00;18,00;12,00;12,00;15,00;186,10;86,70;213,30;15520,00;9169,00;24690,00;6351,00;31041,00;49319,33;-45,00;91,30;70,20;115,20;58,40;129,10;162,80;736,16;926,49;232,75;-572,70;768,50;-545,63;588,68;572,70;1191,82;545,63;727,20;58,33;82,73;78,44;-70,20;654,31;198,27;0,00;0,00;0,00;0,00;0,00;205,30;403,60;1320,20;1098,61;1877,57;948,31;2,31;1,92;1,58;1,74;93,56;132,31;4372,89;1269,33;1795,10;310,25;435,45;219,78;-55,40;55,40;0,20;0,00;4372,89;146,10;1,17;18610,00;62,87
L 300x300x34;300,00;34,00;18,00;12,00;12,00;15,00;191,40;87,10;212,90;15930,00;9398,00;25320,00;6532,00;31852,00;50584,64;-45,00;91,20;70,10;115,00;58,40;129,00;162,60;756,33;951,62;239,14;-588,57;786,81;-558,63;604,48;588,57;1222,23;558,63;747,70;60,12;85,53;80,71;-70,10;713,47;209,84;0,00;0,00;0,00;0,00;0,00;204,40;402,40;1356,70;1127,91;1927,79;974,32;2,31;1,92;1,58;1,74;96,22;136,08;4498,14;1305,49;1846,24;318,82;447,26;225,88;-54,90;54,90;0,20;0,00;4498,14;150,20;1,17;19140,00;61,13
L 300x300x35;300,00;35,00;18,00;12,00;12,00;15,00;196,70;87,40;212,60;16320,00;9624,00;25950,00;6696,00;32646,00;51835,79;-45,00;91,10;69,90;114,90;58,30;128,80;162,30;776,35;976,57;245,48;-603,22;802,94;-570,07;618,64;603,22;1252,65;570,07;767,40;61,78;87,92;83,01;-69,90;775,97;221,70;0,00;0,00;0,00;0,00;0,00;203,50;401,00;1392,99;1156,99;1977,63;1000,18;2,31;1,92;1,58;1,75;98,87;139,83;4622,93;1341,51;1897,18;327,35;458,99;231,94;-54,30;54,30;0,20;0,00;4622,93;154,40;1,17;19670,00;59,48
